{
  "Archetypes": [
    "Fish",
    "Perfectionist",
    "Guardian",
    "Artisan",
    "Weaponmaster",
    "Metal Shaper",
    "Protection Specialist",
    "Forge Master",
    "Battle Outfitter",
    "Defense Crafter",
    "Plate Expert",
    "Shield Bearer",
    "Metallurgist",
    "War Supplier",
    "Durability Engineer",
    "Combat Consultant",
    "Reinforcement Designer"
  ],
  "Personalities": [
    "Proud",
    "Meticulous",
    "Gruff",
    "Boastful",
    "Protective",
    "Disciplined",
    "Stern",
    "Exacting in standards",
    "Impatient with imperfection",
    "Respectful of strength",
    "Dismissive of weakness",
    "Loyal to long-term customers",
    "Judgmental of inferior craftsmanship",
    "Quiet but observant",
    "Straightforward in criticism",
    "Practical above all else",
    "Resistant to change",
    "Appreciative of tradition",
    "Competitive with other crafters",
    "Confident in their abilities"
  ],
  "Backstories": [
    "Former blacksmith for a kingdom",
    "Lost their prized hammer in a great battle",
    "Dreams of forging legendary armor that will protect heroes",
    "Has a rivalry with the weaponsmith that spans decades",
    "Learned smithing from their parent who served a great lord",
    "Once crafted armor that saved a warrior's life",
    "Survived a siege by repairing the town's defenses",
    "Discovered a unique metal alloy through a fortunate accident",
    "Traveled with mercenaries to learn battlefield armor needs firsthand",
    "Rescued from poverty by a master armorer who recognized their talent",
    "Formerly crafted decorative pieces until witnessing the need for protection",
    "Studied ancient armor designs from ruins and old texts",
    "Escaped slavery by crafting a key from scrap metal",
    "Retired from battle after an injury, now protects others through armor",
    "Inherited a forge with mysterious properties that enhance their work",
    "Crafted armor for a hero who later became a tyrant",
    "Developed techniques by observing natural armor in creatures",
    "Once made a piece so perfect they've spent years trying to replicate it"
  ],
  "Goals": [
    "To create the perfect set of armor",
    "To train an apprentice worthy of their knowledge",
    "To restore their family's honor through their craft",
    "To prove their superiority over rival smiths",
    "To discover a metal alloy lighter yet stronger than any known",
    "To craft armor for the realm's greatest champion",
    "To establish a guild that maintains quality standards",
    "To rediscover lost forging techniques from ancient times",
    "To create armor that can withstand magical attacks",
    "To build a reputation that draws customers from distant lands",
    "To craft a masterpiece that will be remembered for generations",
    "To develop armor that doesn't restrict movement",
    "To perfect a method of preventing rust and decay",
    "To create armor that adapts to different combat situations",
    "To pass down secret techniques only to those truly worthy"
  ],
  "Fears": [
    "Rust",
    "Their work being undervalued",
    "Inferior materials",
    "Losing their strength with age",
    "Being forgotten when they die",
    "Their armor failing to protect someone in battle",
    "Fire damage to their workshop",
    "Younger armorers surpassing their skills",
    "Running out of quality ore",
    "Arthritis or injury preventing precise work",
    "War ending and reducing demand for their craft",
    "Their techniques being stolen or copied",
    "Being forced to rush their work",
    "Losing their eyesight for detail work",
    "Their reputation being tarnished by counterfeit work",
    "Modern methods making traditional skills obsolete",
    "Their tools breaking beyond repair",
    "Being unable to fulfill an important commission"
  ],
  "Quirks": [
    "Taps each piece of armor three times for luck",
    "Can identify any metal by taste",
    "Speaks to their tools as if they were old friends",
    "Refuses to work during thunderstorms",
    "Names every significant piece they create",
    "Keeps the first failed piece from each apprentice",
    "Only works while wearing a specific apron",
    "Tests armor by striking it with increasing force",
    "Insists on specific rituals before starting a new project",
    "Collects dents and scratches from famous battles",
    "Can tell a warrior's fighting style by examining their armor",
    "Hums specific tones while working different metals",
    "Keeps a piece of every armor set they've ever made",
    "Refuses to sell to those who can't describe how they'll use the armor",
    "Adds a hidden mark to each piece that only they know about",
    "Measures customers with unusual precision",
    "Maintains a wall of sketches showing armor in action",
    "Insists clients return for regular maintenance"
  ],
  "SpeechPatterns": [
    "Speaks in terms of strength and durability",
    "Uses metalworking metaphors for everyday situations",
    "Describes people as different types of metal",
    "Punctuates sentences with hammer-like gestures",
    "Speaks directly and without embellishment, like a clean strike",
    "Talks about ideas in terms of forging and tempering",
    "Uses technical terms even in casual conversation",
    "Speaks loudly as if competing with forge noise",
    "Gives instructions with precise measurements",
    "Tends to critique everything as if examining craftsmanship",
    "Speaks rhythmically like the beating of a hammer",
    "Describes emotions in terms of temperature and pressure",
    "Uses old smithing sayings that others find obscure",
    "Tends to trail off when discussing technical details"
  ],
  "PhysicalTraits": [
    "Arms and shoulders muscled from hammering",
    "Small burn scars dotting forearms and hands",
    "Permanently blackened fingernails from forge work",
    "Stands with perfect posture from lifting heavy materials",
    "Calloused hands that feel like leather",
    "Squints slightly from years of detail work",
    "Hair singed at the edges from forge heat",
    "Skin weathered and toughened like worked leather",
    "Moves with surprising grace for someone so strong",
    "Carries the scent of metal and coal fire",
    "Has a distinctive burn pattern on one arm from a memorable accident",
    "Eyes that seem to measure and assess everything",
    "Fingers slightly curved from gripping tools",
    "Voice that carries over distance from years of forge communication"
  ],
  "Relationships": [
    "Judges others by the quality of their equipment",
    "Forms strong bonds with warriors who use their armor",
    "Treats apprentices harshly but fairly",
    "Competitive with other metal workers",
    "Protective of those who appreciate quality craftsmanship",
    "Dismissive of those who haggle over prices",
    "Respects those who maintain their equipment properly",
    "Forms partnerships with miners for the best materials",
    "Treats regular customers like family",
    "Uncomfortable around those who've never worked with their hands",
    "Develops deep loyalty to those who've proven themselves",
    "Maintains professional distance until quality is proven",
    "Remembers every customer by what they commissioned",
    "Secretly tests new acquaintances with small challenges"
  ],
  "Values": [
    "Quality over quantity in all work",
    "Durability as the highest virtue",
    "Protection of the vulnerable through craft",
    "Honesty in materials and pricing",
    "The integrity of well-made equipment",
    "Tradition and proven techniques",
    "Practical solutions over decorative flourishes",
    "Proper maintenance of tools and armor",
    "Respect for the materials being worked",
    "The honor of creating something that outlasts its maker",
    "Fair payment for quality work",
    "Knowledge passed from master to apprentice",
    "The responsibility of creating life-saving equipment",
    "Pride in craftsmanship above all else"
  ],
  "Hobbies": [
    "Collecting unusual metals and alloys",
    "Studying ancient armor designs",
    "Carving miniature armor replicas",
    "Testing different materials against various weapons",
    "Sketching new armor concepts",
    "Attending combat tournaments to observe armor performance",
    "Maintaining a small museum of historical pieces",
    "Brewing particularly strong ales",
    "Stone carving using metalworking techniques",
    "Strength competitions with other crafters",
    "Researching battlefield accounts for armor improvements",
    "Creating decorative metal art when time allows",
    "Collecting battle damage stories from clients",
    "Teaching defensive techniques to complement their armor"
  ],
  "CulturalBackground": [
    "From northern mountains where armor must withstand extreme cold",
    "Raised in a warrior culture where crafters are highly respected",
    "From a desert region where lightweight, heat-resistant armor is prized",
    "Comes from a long line of royal armorers with secret techniques",
    "Raised in a mining community with intimate knowledge of metals",
    "From a coastal region where rust-resistant armor is essential",
    "Comes from a culture where armor designs reflect animal totems",
    "Raised in a tradition where armor is considered sacred protection",
    "From a nomadic people who developed uniquely portable forges",
    "Comes from a region famous for its distinctive armor style",
    "Raised in a culture where armorers are considered part of the warrior class",
    "From a tradition where specific metals are believed to have spiritual properties",
    "Comes from a region where armor is as decorative as it is functional",
    "Raised in a community that survived through superior defensive equipment"
  ],
  "AgeGroup": [
    "Young armorer still mastering basic techniques",
    "New forge owner establishing their reputation",
    "Mid-career master with signature armor styles",
    "Elder smith whose experience compensates for diminishing strength",
    "Recently completed apprenticeship with innovative ideas",
    "Experienced professional training the next generation",
    "Aging expert focusing on the most valuable commissions",
    "Child of armorers already showing talent beyond their years",
    "Grandmaster whose designs have influenced a generation",
    "Late-career armorer experimenting with new alloys"
  ],
  "LifeEvents": [
    "Survived a forge explosion that left a distinctive scar",
    "Created armor that saved a noble's life, earning lasting patronage",
    "Lost an apprentice in a workshop accident, now emphasizes safety",
    "Discovered a unique forging technique during a material shortage",
    "Armor failed in battle once, driving a lifelong quest for perfection",
    "Won a legendary competition against the realm's finest smiths",
    "Traveled with armies to repair armor on battlefields",
    "Rescued by someone wearing their armor, cementing their purpose",
    "Inherited tools from a master with supposedly magical properties",
    "Armor was used in a famous battle that changed history",
    "Survived siege by converting their workshop to repair the town's defenses",
    "Crafted a piece so beautiful it was claimed by royalty",
    "Falsely accused of inferior work, fought to restore reputation",
    "Discovered an ancient text revealing forgotten armor-making techniques"
  ],
  "EmotionalState": [
    "Satisfied after completing a challenging commission",
    "Concerned about rising material costs",
    "Excited about a new alloy or technique",
    "Frustrated by customers who don't appreciate quality",
    "Proud of apprentices who are developing well",
    "Worried about competition from mass-produced armor",
    "Content when surrounded by the familiar sounds of the forge",
    "Anxious about an important upcoming commission",
    "Joyful when seeing their armor being well-used",
    "Melancholic about changing times and techniques",
    "Determined to solve a persistent design problem",
    "Peaceful during the meditative process of hammering",
    "Irritable when supplies don't meet their standards",
    "Hopeful about passing knowledge to the next generation"
  ]
}