{
  "Archetypes": [
    "Gourmet",
    "Rustic",
    "Entrepreneur",
    "Carnivore",
    "Culinary Artist",
    "Meat Master",
    "Flavor Seeker",
    "Precision Cutter",
    "Animal Expert",
    "Preservation Specialist",
    "Sausage Sage",
    "Bone Collector",
    "Knife Virtuoso",
    "Smoke Master",
    "Protein Provider",
    "Feast Preparer",
    "Waste-Not Practitioner"
  ],
  "Personalities": [
    "Jovial",
    "Hearty",
    "Practical",
    "Secretly vegetarian",
    "Boisterous",
    "Generous",
    "Particular",
    "Meticulous about cleanliness",
    "Proud of their craft",
    "Straightforward and honest",
    "Respectful toward animals",
    "Competitive about meat quality",
    "Patient with the cutting process",
    "Enthusiastic about new recipes",
    "Serious about food safety",
    "Ritualistic in their approach",
    "Robust and energetic",
    "Precise in measurements",
    "Opinionated about cooking methods",
    "Nostalgic about traditional techniques"
  ],
  "Backstories": [
    "Grew up on a farm raising animals",
    "Owns the best cleaver in town, passed down for generations",
    "Knows secret family recipes that people travel miles to taste",
    "Wants to open a restaurant in the capital someday",
    "Once cooked for royalty who visited the village",
    "Learned butchery after a great famine taught them to waste nothing",
    "Apprenticed under a legendary butcher who served nobility",
    "Discovered a unique preservation method during a particularly harsh winter",
    "Traveled to distant lands to learn exotic meat preparation techniques",
    "Survived by hunting and processing game during a time of exile",
    "Won a regional meat festival competition with an unusual cut",
    "Inherited a secret spice blend that makes their products distinctive",
    "Rescued the village's meat supply during a flood by quick thinking",
    "Formerly a vegetarian who had a life-changing experience with properly prepared meat",
    "Developed special techniques for using every part of the animal after witnessing waste",
    "Raised by a family that supplied meat to healing houses, learning medicinal properties",
    "Discovered ancient butchery techniques in old scrolls",
    "Pioneered a humane slaughter method now adopted by others"
  ],
  "Goals": [
    "To create a new signature dish",
    "To raise the perfect livestock",
    "To open a chain of meat shops",
    "To pass down their recipes to a worthy successor",
    "To discover the perfect balance of spices for each cut",
    "To create a butchery guild that maintains quality standards",
    "To breed animals with exceptional flavor profiles",
    "To write the definitive book on meat preparation",
    "To develop preservation techniques that extend shelf life naturally",
    "To host a feast that brings together the entire community",
    "To create tools specifically designed for perfect cuts",
    "To establish a reputation that draws customers from distant regions",
    "To perfect a method of using every part of the animal with zero waste",
    "To discover new flavor combinations that revolutionize traditional dishes",
    "To train apprentices who will spread their techniques far and wide"
  ],
  "Fears": [
    "Spoiled meat",
    "Vegetarianism spreading",
    "Their secret recipes being stolen",
    "Being outdone by a younger butcher",
    "Food shortages",
    "Losing sensitivity in their hands",
    "Animals becoming diseased and unusable",
    "Their knives becoming dull at a critical moment",
    "Being blamed for food-related illness",
    "Forgetting crucial steps in a complex recipe",
    "Disrespectful treatment of animals before slaughter",
    "Losing their sense of smell or taste",
    "Modern methods replacing traditional butchery",
    "Customers not appreciating the craft involved",
    "Accidentally cutting themselves severely",
    "Running out of specific spices essential to their signature flavors",
    "Their children having no interest in continuing the family trade",
    "Being forced to compromise quality for quantity"
  ],
  "Quirks": [
    "Names each animal before processing it",
    "Hums while chopping meat",
    "Collects exotic spices from traders",
    "Can tell how an animal lived by tasting its meat",
    "Refuses to work with dull knives, sharpening obsessively",
    "Follows specific rituals before making the first cut",
    "Talks to the meat while preparing it",
    "Wears a specific lucky apron that's never been washed",
    "Can identify cuts of meat blindfolded just by touch",
    "Keeps a journal of every exceptional animal processed",
    "Has a specific knife for each type of cut",
    "Refuses to work during certain moon phases",
    "Collects bones in specific patterns for good luck",
    "Measures ingredients by hand rather than with tools",
    "Tastes raw meat to judge quality (safely)",
    "Hangs herbs in specific arrangements around their shop",
    "Carves decorative patterns into certain cuts",
    "Saves a small portion of each animal as an offering"
  ],
  "SpeechPatterns": [
    "Describes everything in terms of cuts of meat",
    "Speaks with rhythmic chops like a cleaver on a block",
    "Uses butchery terms for everyday situations",
    "Punctuates sentences with hand gestures mimicking cutting",
    "Speaks bluntly and directly, like a clean cut",
    "Describes flavors with elaborate, poetic detail",
    "Lowers voice when sharing secret recipes or techniques",
    "Tends to list ingredients when explaining anything",
    "Speaks loudly as if calling across a busy market",
    "Uses different tones when discussing different meats",
    "Peppers speech with old butchers' sayings",
    "Describes people in terms of what cut they'd be",
    "Speaks precisely, measuring words like ingredients",
    "Gives instructions rather than suggestions"
  ],
  "PhysicalTraits": [
    "Hands marked with small scars from years of knife work",
    "Unusually strong forearms from cutting through bone",
    "Stands with perfect posture from years at the cutting block",
    "Fingers slightly curved from holding knives",
    "Carries the subtle scent of smoke and spices",
    "Has a distinctive butcher's callus on their thumb",
    "Moves with surprising grace and precision",
    "Wears clothes with faint bloodstains that never quite wash out",
    "Has exceptionally clean, well-maintained nails despite their work",
    "Skin on hands toughened from hot water and handling meat",
    "Distinctive tan line from their apron",
    "Muscular shoulders from hanging and moving carcasses",
    "Eyes that constantly assess and evaluate, as if judging cuts",
    "Carries themselves with the confidence of someone who handles sharp tools daily"
  ],
  "Relationships": [
    "Judges others by how they treat food",
    "Forms strong bonds with local farmers who supply quality animals",
    "Treats apprentices firmly but fairly",
    "Competitive but respectful toward other food artisans",
    "Generous with food but guarded with techniques",
    "Protective of customers' health above all else",
    "Forms partnerships based on complementary food skills",
    "Respects anyone who appreciates quality and craft",
    "Maintains a network of spice and ingredient suppliers",
    "Treats regular customers like extended family",
    "Uncomfortable around those who waste food",
    "Bonds quickly with others who work with their hands",
    "Secretly tests new acquaintances with small food challenges",
    "Remembers everyone by their favorite cut or preparation"
  ],
  "Values": [
    "Quality over quantity in all things",
    "Respect for the animals that provide sustenance",
    "Minimizing waste as a moral imperative",
    "Honesty in business and ingredients",
    "Tradition balanced with thoughtful innovation",
    "Cleanliness as next to godliness",
    "The integrity of properly prepared food",
    "Knowledge passed from master to apprentice",
    "Community nourishment and celebration",
    "Precision and attention to detail",
    "Sustainability in animal raising practices",
    "The perfect balance of flavors",
    "Proper tools maintained with care",
    "The connection between food and memory"
  ],
  "Hobbies": [
    "Collecting and restoring antique butchery tools",
    "Experimental cooking with unusual ingredients",
    "Carving decorative items from bones",
    "Breeding small animals for quality",
    "Foraging for wild herbs and spices",
    "Studying ancient cookbooks and butchery texts",
    "Crafting specialized knives and tools",
    "Fermenting and preserving seasonal foods",
    "Competing in regional cooking competitions",
    "Teaching children about food origins",
    "Creating elaborate displays of their work",
    "Developing new sausage recipes",
    "Mapping the best sources for specific ingredients",
    "Brewing meads and ales that pair with their meats"
  ],
  "CulturalBackground": [
    "From northern regions where smoking and curing are essential for winter",
    "Raised in a coastal tradition that combines seafood and meat preparations",
    "From a nomadic culture that developed portable preservation methods",
    "Comes from a mountain community known for air-dried specialties",
    "Raised in a tradition where butchers are considered healers",
    "From a culture where specific cuts are reserved for ceremonies",
    "Comes from a region famous for its spiced sausages",
    "Raised in a tradition where butchery is considered a sacred trust",
    "From a community where feast preparation is a communal activity",
    "Comes from a lineage of royal meat providers",
    "Raised in a culture that uses every part of the animal for different purposes",
    "From a region where specific butchery techniques are closely guarded secrets",
    "Comes from a tradition where meat preparation follows strict seasonal rules",
    "Raised in a community known for its distinctive smoking woods"
  ],
  "AgeGroup": [
    "Young butcher still perfecting basic cuts",
    "New shop owner establishing their reputation",
    "Mid-career artisan with signature preparations",
    "Elder master whose hands move from decades of muscle memory",
    "Recently completed apprenticeship with innovative ideas",
    "Established professional training the next generation",
    "Aging expert focusing on the most challenging specialty cuts",
    "Child of butchers already showing knife skills beyond their years",
    "Grandparent who still insists on inspecting every animal personally",
    "Late-career butcher experimenting with fusion techniques"
  ],
  "LifeEvents": [
    "Survived a major food shortage by developing preservation techniques",
    "Once prepared a feast for hundreds after a village celebration",
    "Lost a finger but adapted their cutting style to compensate",
    "Discovered a unique cut of meat that became their signature",
    "Traveled with merchants to learn meat preparation from different cultures",
    "Saved someone from choking, earning lifelong loyalty and business",
    "Won a legendary competition against a butcher thought unbeatable",
    "Inherited a mysterious spice blend with unexpected properties",
    "Nursed the village through illness with nourishing bone broths",
    "Accidentally discovered a preservation method during an experiment",
    "Survived a fire that destroyed their shop and had to rebuild",
    "Broke tradition by accepting a female/male apprentice against custom",
    "Introduced a foreign meat preparation that changed local cuisine",
    "Formed a collective with farmers to ensure ethical animal raising"
  ],
  "EmotionalState": [
    "Satisfied after a day of perfect cuts",
    "Concerned about rising costs of quality animals",
    "Excited about a new technique recently mastered",
    "Frustrated by customers who don't appreciate quality",
    "Proud of apprentices who are developing well",
    "Worried about competition from larger operations",
    "Content when surrounded by the familiar scents of their shop",
    "Anxious during important preservation seasons",
    "Joyful when sharing food with the community",
    "Melancholic about changing tastes and traditions",
    "Determined to perfect a challenging new preparation",
    "Peaceful during the meditative process of precise cutting",
    "Irritable when supplies don't meet their standards",
    "Hopeful about passing knowledge to the next generation"
  ]
}