{
  "Archetypes": [
    "Explorer",
    "Scholar",
    "Collector",
    "Wayfinder",
    "Chronicler",
    "Land Surveyor",
    "Pathfinder",
    "Terrain Specialist",
    "Boundary Marker",
    "Distance Calculator",
    "Topographer",
    "Expedition Planner",
    "Landmark Recorder",
    "Navigation Expert",
    "World Documenter",
    "Route Designer",
    "Spatial Analyst"
  ],
  "Personalities": [
    "Curious",
    "Methodical",
    "Adventurous",
    "Easily distracted",
    "Detail-oriented",
    "Imaginative",
    "Precise",
    "Obsessive about accuracy",
    "Contemplative of distances",
    "Nostalgic about places visited",
    "Excited by new territories",
    "Patient with complex terrain",
    "Secretive about special locations",
    "Proud of their spatial awareness",
    "Frustrated by geographical ignorance",
    "Calm when navigating",
    "Anxious about unmapped areas",
    "Meticulous about scale",
    "Philosophical about boundaries",
    "Enthusiastic about sharing discoveries"
  ],
  "Backstories": [
    "Explored distant lands before settling down",
    "Is searching for a lost city marked on an ancient map",
    "Collects maps from travelers and creates copies to sell",
    "Always carries a spyglass and compass",
    "Descended from a line of famous explorers",
    "Mapped an uncharted island and named it after themselves",
    "Survived being lost in the wilderness by creating improvised maps",
    "Discovered a significant geographical feature others had missed",
    "Learned cartography from a mysterious stranger with unusual methods",
    "Created a revolutionary mapping technique after a dream vision",
    "Mapped dangerous territories for military campaigns",
    "Once sold a map to treasure hunters that led to disaster",
    "Traveled with merchants to document trade routes",
    "Inherited a collection of ancient maps with secrets yet to be deciphered",
    "Escaped captivity by memorizing and recreating maps of their prison",
    "Served a noble house by mapping their expanding territories",
    "Discovered their talent after getting hopelessly lost as a child",
    "Created maps that saved their village during a natural disaster"
  ],
  "Goals": [
    "To map the entire known world",
    "To discover a place no one has seen before",
    "To create the most accurate maps in history",
    "To find a legendary location thought to be myth",
    "To develop a new system of cartographic notation",
    "To map the changing coastlines as they shift over time",
    "To create a three-dimensional representation of the world",
    "To document all the secret passages and hidden routes",
    "To map the stars and their relation to land navigation",
    "To create maps that can be understood by anyone regardless of language",
    "To discover the true shape of distant continents",
    "To map underground cave systems and waterways",
    "To create a perfect map of seasonal changes to the landscape",
    "To establish a cartographer's guild with quality standards",
    "To map magical or supernatural locations others cannot perceive"
  ],
  "Fears": [
    "Getting lost",
    "Their maps being proven wrong",
    "Blindness",
    "Being confined to one place",
    "Uncharted territories disappearing as the world becomes known",
    "Their hands becoming too unsteady for precise work",
    "Maps being used for harmful purposes",
    "Natural disasters changing landscapes they've carefully mapped",
    "Their life's work being destroyed or stolen",
    "Discovering their fundamental understanding of geography is flawed",
    "Being forgotten despite their contributions to knowledge",
    "Magical or supernatural forces that distort space and direction",
    "Others creating superior mapping techniques",
    "Becoming so obsessed with mapping they lose touch with reality",
    "Finding a place that cannot be mapped by conventional means",
    "Their maps leading someone into danger",
    "Losing their sense of direction",
    "Being unable to communicate what they've discovered"
  ],
  "Quirks": [
    "Speaks in geographic terms",
    "Constantly reorients to face north",
    "Sketches maps in the dirt while talking",
    "Measures distances by counting steps",
    "Names landmarks after personal heroes or family members",
    "Carries small samples of soil from different regions",
    "Uses different colored inks for different types of terrain",
    "Refuses to sleep without knowing exact coordinates",
    "Corrects others' directional mistakes immediately",
    "Maintains a journal of weather patterns affecting visibility",
    "Collects unusual measuring tools from different cultures",
    "Draws tiny maps on their skin as temporary notes",
    "Speaks to maps as if they're living documents",
    "Has a specific ritual before starting a new map",
    "Categorizes people by what terrain they remind them of",
    "Instinctively calculates the area of any room they enter",
    "Collects unusual materials to make specialized inks",
    "Refuses to use maps made by others without verifying them personally"
  ],
  "SpeechPatterns": [
    "Describes locations in precise compass directions",
    "Uses distance measurements in everyday conversation",
    "Speaks with pauses as if mentally mapping their thoughts",
    "Refers to local landmarks when giving any directions",
    "Describes people's positions in terms of latitude and longitude",
    "Punctuates important points by drawing invisible maps in the air",
    "Uses specialized cartography terms in inappropriate contexts",
    "Speaks more quickly when discussing familiar territories",
    "Slows down thoughtfully when describing unexplored areas",
    "Frequently asks clarifying questions about spatial relationships",
    "Uses different tones when describing different terrains",
    "Tends to interrupt with corrections about geographic facts",
    "Describes memories in terms of where they occurred spatially",
    "Frequently uses phrases like 'from my perspective' or 'from where I stand'"
  ],
  "PhysicalTraits": [
    "Ink-stained fingers that never completely wash clean",
    "Squints slightly from years of detailed work",
    "Callus on middle finger from holding drawing implements",
    "Stands with perfect posture from bending over maps",
    "Eyes that constantly scan surroundings, noting details",
    "Hands that gesture precisely, measuring invisible distances",
    "Carries themselves with the confident stride of someone who never gets lost",
    "Skin weathered from outdoor surveying work",
    "Head tilts slightly when considering directions",
    "Distinctive tan lines from outdoor mapping expeditions",
    "Unusually steady hands that rarely tremble",
    "Eyes of different colors, said to help with depth perception",
    "Moves with deliberate steps, as if counting distances",
    "Voice that naturally rises and falls like the contours on a map"
  ],
  "Relationships": [
    "Judges others by their sense of direction",
    "Forms bonds with those who bring news of distant places",
    "Treats apprentices with exacting standards",
    "Competitive with other cartographers over accuracy",
    "Protective of those who appreciate the art of mapmaking",
    "Dismissive of those who can't read maps properly",
    "Respects explorers and travelers above all others",
    "Forms partnerships with sailors and merchants for information",
    "Treats regular customers as sources of geographic knowledge",
    "Uncomfortable around those who never leave their hometown",
    "Develops deep loyalty to those who've used their maps successfully",
    "Maintains professional distance until geographic knowledge is proven",
    "Remembers everyone by where they're from or have traveled",
    "Secretly tests new acquaintances with directional challenges"
  ],
  "Values": [
    "Accuracy above all else",
    "The freedom to explore and discover",
    "Knowledge as the greatest treasure",
    "The integrity of properly documented places",
    "Tradition balanced with new discoveries",
    "The beauty in perfectly rendered topography",
    "The responsibility of guiding others safely",
    "Proper notation and standardization",
    "Respect for natural boundaries and features",
    "The honor of being the first to map something",
    "Fair exchange of geographical information",
    "The wisdom found in understanding space and place",
    "The connection between people and their environments",
    "The preservation of cartographic history"
  ],
  "Hobbies": [
    "Collecting unusual compasses and navigation tools",
    "Creating relief maps using unconventional materials",
    "Stargazing to understand celestial navigation",
    "Hiking to high points to sketch panoramic views",
    "Studying ancient maps for historical insights",
    "Creating miniature landscape models",
    "Developing secret codes and map keys",
    "Tracking seasonal changes to local geography",
    "Experimenting with different map projections",
    "Teaching children to navigate by natural signs",
    "Creating decorative maps of fictional places",
    "Researching lost civilizations and their locations",
    "Developing new inks and pigments for map coloration",
    "Writing travelogues of journeys taken and planned"
  ],
  "CulturalBackground": [
    "From coastal regions where navigation is essential for survival",
    "Raised in a culture that maps by landmarks rather than distance",
    "From a desert tradition that navigates by stars and subtle terrain changes",
    "Comes from a lineage of royal mapmakers with secret techniques",
    "Raised in mountain communities where vertical mapping is as important as horizontal",
    "From a nomadic culture that memorizes routes rather than drawing them",
    "Comes from a tradition where maps include spiritual and invisible elements",
    "Raised in a seafaring culture with sophisticated nautical charting",
    "From a culture where maps are considered sacred or magical objects",
    "Comes from a region famous for its distinctive cartographic style",
    "Raised in a tradition where mapmaking is tied to storytelling",
    "From a culture where specific landmarks are kept secret from outsiders",
    "Comes from a region where maps include seasonal changes and migrations",
    "Raised in a community that survived through superior navigation skills"
  ],
  "AgeGroup": [
    "Young cartographer still learning basic surveying techniques",
    "New shop owner establishing their reputation for accuracy",
    "Mid-career master with signature mapping style",
    "Elder whose memory holds maps of places long changed",
    "Recently completed apprenticeship with innovative ideas",
    "Experienced professional training the next generation",
    "Aging expert focusing on documenting their lifetime of knowledge",
    "Child of cartographers already showing talent beyond their years",
    "Grandmaster whose maps have influenced a generation of explorers",
    "Late-career cartographer mapping increasingly remote locations"
  ],
  "LifeEvents": [
    "Survived being hopelessly lost, changing their approach to mapmaking",
    "Created a map that led to an important discovery or resource",
    "Lost an expedition partner in unmapped territory",
    "Discovered that a landmark they mapped was actually misidentified",
    "Map was used in a famous expedition that changed history",
    "Traveled with a legendary explorer as their official cartographer",
    "Falsely accused of creating deliberately misleading maps",
    "Found an ancient map that contradicted all modern understanding",
    "Mapped a region just before it was dramatically changed by disaster",
    "Created a revolutionary mapping technique that bears their name",
    "Survived a journey where all other cartographers perished",
    "Map was stolen and claimed by another, still fighting for recognition",
    "Discovered a geographical feature that no one believed existed",
    "Accidentally mapped a secret location, bringing unwanted attention to it"
  ],
  "EmotionalState": [
    "Excited about a newly discovered region to map",
    "Anxious about the accuracy of recent work",
    "Frustrated by geographical misconceptions",
    "Peaceful when organizing and cataloging completed maps",
    "Melancholic about places that have changed beyond recognition",
    "Curious about rumors of uncharted territories",
    "Satisfied after completing a particularly challenging map",
    "Worried about failing eyesight affecting precision",
    "Enthusiastic when sharing geographic knowledge",
    "Contemplative about how maps shape perception of the world",
    "Determined to correct a longstanding cartographic error",
    "Nostalgic when reviewing maps of places from their youth",
    "Impatient with those who don't value precise directions",
    "Hopeful about upcoming expeditions to expand known territories"
  ]
}