{
  "Archetypes": [
    "Alchemist",
    "Sage",
    "Healer",
    "Zealot",
    "Oracle",
    "Mystic",
    "Potion Master",
    "Divine Channeler",
    "Ritual Keeper",
    "Spiritual Guide",
    "Remedy Crafter",
    "Blessing Bestower",
    "Herb Specialist",
    "Meditation Teacher",
    "Energy Worker",
    "Cosmic Interpreter",
    "Elixir Brewer"
  ],
  "Personalities": [
    "Mysterious",
    "Wise",
    "Calm",
    "Slightly unnerving",
    "Spiritual",
    "Contemplative",
    "Intense",
    "Serene in crisis",
    "Cryptic when sharing knowledge",
    "Compassionate toward suffering",
    "Detached from worldly concerns",
    "Reverent of natural forces",
    "Secretive about certain rituals",
    "Patient with skeptics",
    "Stern when principles are violated",
    "Gentle with the vulnerable",
    "Passionate about ancient wisdom",
    "Cautious with powerful remedies",
    "Intuitive about others' needs",
    "Resolute in spiritual beliefs"
  ],
  "Backstories": [
    "Studied ancient texts containing forgotten knowledge",
    "Communes with otherworldly forces for guidance",
    "Seeks enlightenment through meditation and alchemy",
    "Brewed a potion that went wrong once and gained strange insights",
    "Was visited by a divine entity in their youth",
    "Survived a plague by discovering a miraculous cure",
    "Apprenticed under a renowned healer who disappeared mysteriously",
    "Received visions that led them to sacred ingredients",
    "Discovered an ancient temple with alchemical secrets",
    "Healed a noble who granted them special privileges",
    "Born with unusual marks that signified spiritual potential",
    "Traveled to distant lands to study different healing traditions",
    "Survived drinking a poison and gained immunity to toxins",
    "Raised by spiritual leaders who taught secret rituals",
    "Found an ancient grimoire that speaks to them in dreams",
    "Cured themselves of a supposedly incurable affliction",
    "Experienced death briefly before returning with new insights",
    "Discovered a rare herb that forms the basis of their remedies"
  ],
  "Goals": [
    "To achieve spiritual perfection",
    "To brew a potion of immortality",
    "To communicate directly with higher powers",
    "To heal an ancient curse afflicting the land",
    "To discover the universal remedy that cures all ills",
    "To establish a school teaching their healing methods",
    "To unlock the secrets of life and death",
    "To create a potion that grants visions of the future",
    "To achieve harmony between body, mind, and spirit",
    "To catalog every medicinal herb and their properties",
    "To cleanse sacred sites of negative energies",
    "To discover the elixir of eternal youth",
    "To commune with ancestral spirits for lost knowledge",
    "To create a sanctuary where all can find healing",
    "To translate an ancient text of powerful remedies"
  ],
  "Fears": [
    "Dark magic",
    "Losing their connection to the divine",
    "Being revealed as a fraud",
    "Ancient evils awakening",
    "Their potions causing harm",
    "Spiritual corruption spreading",
    "Running out of rare ingredients",
    "Misinterpreting divine messages",
    "Forbidden knowledge being misused",
    "Their healing abilities failing when most needed",
    "Malevolent entities disguising themselves as benevolent",
    "The balance between realms being disrupted",
    "Sacred sites being desecrated",
    "Their remedies being used for harm",
    "Losing their spiritual sight",
    "Being possessed by entities they commune with",
    "Ancient curses being triggered by ignorance",
    "The knowledge they safeguard being lost forever"
  ],
  "Quirks": [
    "Speaks in riddles and prophecies",
    "Eyes sometimes glow faintly in the dark",
    "Collects strange ingredients during the full moon",
    "Can sense illness in others by touch",
    "Refuses to brew potions during certain celestial alignments",
    "Whispers to plants when harvesting them",
    "Sees auras around people that indicate their health",
    "Keeps a journal of dreams they believe are prophetic",
    "Carries small pouches of protective herbs at all times",
    "Draws mystical symbols before beginning any ritual",
    "Can identify any potion by smell alone",
    "Performs elaborate blessing rituals over their brewing equipment",
    "Speaks to invisible entities others cannot perceive",
    "Tastes a tiny amount of every remedy they create",
    "Refuses to use metal tools for certain preparations",
    "Chants while mixing ingredients",
    "Insists certain remedies only work if the patient believes they will",
    "Collects unusual containers for storing their concoctions"
  ],
  "SpeechPatterns": [
    "Speaks in metaphors about balance and harmony",
    "Uses archaic terms for common ailments",
    "Pauses as if listening to voices others cannot hear",
    "Refers to natural elements as if they have personalities",
    "Speaks softly, requiring others to lean in to hear",
    "Punctuates important points with gestures that leave faint trails of light",
    "Uses plural 'we' when discussing spiritual matters",
    "Speaks with different cadences depending on the phase of the moon",
    "Quotes from ancient texts unknown to most",
    "Describes symptoms in poetic, metaphorical language",
    "Voice changes subtly when delivering prophecies or insights",
    "Speaks to plants and potions during preparation",
    "Tends to answer questions with questions that prompt self-reflection",
    "Transitions between whispers and normal speech unpredictably"
  ],
  "PhysicalTraits": [
    "Pupils that dilate unusually in response to spiritual energies",
    "Hands stained with various herb pigments",
    "Skin that seems to shimmer faintly in certain lights",
    "Carries the mixed scent of dozens of herbs and ingredients",
    "Unusually steady hands that never tremble",
    "Eyes that change color slightly with their emotional state",
    "Hair that grows in unusual patterns or directions",
    "Moves with deliberate, almost ritualistic gestures",
    "Skin marked with small scars from ingredient harvesting",
    "Appears not to blink as often as normal people",
    "Veins visible beneath skin that sometimes seem to glow",
    "Breath that fogs even in warm weather",
    "Unusually resilient to illness and fatigue",
    "Voice that resonates in a way that soothes or unsettles"
  ],
  "Relationships": [
    "Treats patients with compassion but emotional distance",
    "Forms bonds with those who show spiritual potential",
    "Keeps relationships formal until spiritual connection is established",
    "Protective of apprentices to the point of being overbearing",
    "Judges others by their respect for natural balances",
    "Uncomfortable around those with 'disturbed auras'",
    "Develops deep connections with those they've healed",
    "Speaks differently to children, believing they're more spiritually open",
    "Maintains a network of contacts who find rare ingredients",
    "Treats animals as equals with valuable perspectives",
    "Distant from family due to their spiritual calling",
    "Forms partnerships with those who complement their abilities",
    "Remembers everyone they've treated and their ailments",
    "Secretly tests new acquaintances with minor spiritual challenges"
  ],
  "Values": [
    "Balance in all things",
    "The sanctity of healing knowledge",
    "Spiritual growth over material gain",
    "Harmony between body and spirit",
    "The wisdom found in ancient traditions",
    "Respect for the power of natural elements",
    "The ethical use of spiritual gifts",
    "Proper preparation of remedies without shortcuts",
    "The connection between physical and spiritual health",
    "Passing knowledge to worthy successors",
    "The responsibility that comes with healing abilities",
    "Personal purity as a vessel for spiritual energies",
    "The cycle of life, death, and renewal",
    "The integrity of spiritual boundaries"
  ],
  "Hobbies": [
    "Cultivating rare medicinal plants",
    "Studying celestial movements and their effects",
    "Creating elaborate mandalas for meditation",
    "Brewing experimental teas with subtle effects",
    "Collecting unusual containers for special potions",
    "Mapping ley lines and places of power",
    "Transcribing ancient healing texts",
    "Crafting talismans with protective properties",
    "Developing new meditation techniques",
    "Experimenting with sound healing methods",
    "Creating detailed illustrations of medicinal plants",
    "Studying the healing practices of distant cultures",
    "Distilling essential oils with specific properties",
    "Tracking the cycles of rare ingredients"
  ],
  "CulturalBackground": [
    "From mountain traditions where rare herbs grow in isolation",
    "Raised in a culture that communicates with ancestor spirits",
    "From a desert tradition that uses mineral-based remedies",
    "Comes from a lineage of dream interpreters and spiritual guides",
    "Raised in forest communities with extensive plant knowledge",
    "From a tradition where healing and music are intertwined",
    "Comes from a culture where illness is seen as spiritual imbalance",
    "Raised in a tradition that worships healing deities",
    "From a nomadic culture with knowledge of remedies from many regions",
    "Comes from a community known for longevity through special practices",
    "Raised in a tradition where certain illnesses are seen as gifts",
    "From a culture where healing rituals involve the entire community",
    "Comes from a tradition that believes in elemental influences on health",
    "Raised in a community that preserves ancient alchemical knowledge"
  ],
  "AgeGroup": [
    "Young cleric still learning to control their spiritual sensitivity",
    "New practitioner establishing their healing reputation",
    "Mid-career mystic with signature remedies",
    "Elder whose connection to the spiritual realm has deepened with age",
    "Recently completed apprenticeship with innovative ideas",
    "Experienced healer training the next generation",
    "Aging sage focusing on preserving their accumulated knowledge",
    "Child prodigy showing unusual spiritual gifts",
    "Ancient practitioner whose age itself seems miraculous",
    "Late-career cleric experimenting with forbidden knowledge"
  ],
  "LifeEvents": [
    "Survived a spiritual possession that left unusual abilities",
    "Created a remedy that saved an entire village from plague",
    "Lost a patient despite their best efforts, changing their approach forever",
    "Discovered their spiritual gifts during a near-death experience",
    "Communed with an entity that granted special knowledge",
    "Traveled to a legendary healing spring that enhanced their abilities",
    "Cured a supposedly incurable condition through a desperate experiment",
    "Witnessed a miracle that confirmed their spiritual beliefs",
    "Survived drinking a potion meant for another, gaining unexpected insights",
    "Found an ancient text that revolutionized their understanding",
    "Healed someone who later became a powerful ally or enemy",
    "Experienced a vision that revealed their life's purpose",
    "Created a new healing technique during a moment of inspiration",
    "Accidentally opened a doorway to another realm"
  ],
  "EmotionalState": [
    "Serene after successful communion with spiritual forces",
    "Troubled by recent disturbing visions",
    "Excited about a breakthrough in a complex remedy",
    "Concerned about imbalances in natural energies",
    "Peaceful when surrounded by their herbs and potions",
    "Anxious about a prophecy that seems to be unfolding",
    "Satisfied after helping someone find spiritual balance",
    "Frustrated by those who misuse spiritual knowledge",
    "Curious about unusual symptoms that defy explanation",
    "Melancholic about ancient wisdom being forgotten",
    "Hopeful about signs of spiritual awakening in the community",
    "Determined to solve a particularly difficult ailment",
    "Wary after sensing a disturbance in spiritual energies",
    "Joyful when witnessing the harmony of natural forces"
  ]
}