{
  "Archetypes": [
    "Harvester",
    "Cultivator",
    "Animal Lover",
    "Plant Whisperer",
    "Land Steward",
    "Crop Master",
    "Soil Keeper",
    "Weather Watcher",
    "Seed Saver",
    "Season Tracker",
    "Field Hand",
    "Orchard Tender",
    "Livestock Guardian",
    "Root Grower",
    "Grain Specialist",
    "Produce Provider",
    "Garden Keeper"
  ],
  "Personalities": [
    "Friendly",
    "Hardworking",
    "Patient",
    "Worries about the weather",
    "Nurturing",
    "Early-rising",
    "Practical",
    "Stubborn about traditional methods",
    "Innovative with new techniques",
    "Superstitious about planting times",
    "Generous with harvest",
    "Protective of land boundaries",
    "Observant of natural cycles",
    "Frugal with resources",
    "Proud of callused hands",
    "Cautious about change",
    "Optimistic despite setbacks",
    "Respectful of nature's power",
    "Methodical in approach",
    "Communal during harvest time"
  ],
  "Backstories": [
    "Descendant of farmers who have worked the same land for generations",
    "Grows prize-winning pumpkins that have won contests",
    "Can talk to crops (or at least thinks they can)",
    "Has a favorite chicken named after their grandmother",
    "Survived a terrible drought by discovering a new irrigation method",
    "Turned barren land into fertile fields through years of care",
    "Learned farming from an elder who knew forgotten techniques",
    "Traveled to distant regions to bring back rare seeds",
    "Once saved the village from famine with a hidden food cache",
    "Accidentally bred a unique vegetable variety that became famous",
    "Inherited a mysterious farming tool that seems to make plants grow faster",
    "Raised an orphaned animal that now helps with farm work",
    "Converted from a city dweller to a farmer after a life-changing event",
    "Keeps a secret garden of rare medicinal herbs",
    "Survived on foraged plants during a difficult winter",
    "Discovered ancient farming methods in old scrolls",
    "Experiments with cross-breeding plants in a special garden plot",
    "Maintains the oldest fruit tree in the region"
  ],
  "Goals": [
    "To grow a legendary crop",
    "To pass their farm to their children",
    "To develop a new strain of wheat",
    "To make their village self-sufficient",
    "To restore ancient farming techniques",
    "To breed the perfect livestock animal",
    "To create a seed bank preserving local varieties",
    "To teach young villagers the importance of agriculture",
    "To expand their farm to include new types of crops",
    "To perfect a natural pest control method",
    "To win the regional harvest festival competition",
    "To develop more drought-resistant farming methods",
    "To create a community garden where knowledge is shared",
    "To discover the perfect crop rotation for their soil",
    "To build a network of farmers trading rare seeds"
  ],
  "Fears": [
    "Drought",
    "Pests",
    "Crop failure",
    "Changing climate",
    "Their land being taken away",
    "Industrial farming",
    "Losing family farming traditions",
    "Seed sterility",
    "Soil depletion",
    "Mysterious plant diseases",
    "Being unable to work the land due to injury",
    "Extreme weather destroying years of work",
    "Young people abandoning farming",
    "Foreign plants overtaking native species",
    "Water sources becoming contaminated",
    "Market prices dropping below sustainable levels",
    "Animals breaking into storage and ruining the harvest",
    "Forgetting crucial planting knowledge"
  ],
  "Quirks": [
    "Predicts rain by how their joints feel",
    "Talks to plants as if they understand",
    "Keeps a jar of soil from each year's harvest",
    "Wears a lucky straw hat while planting",
    "Names each of their animals, even the ones meant for food",
    "Refuses to plant during certain phases of the moon",
    "Sings to crops to help them grow",
    "Collects unusual stones found while plowing",
    "Leaves small offerings at the edge of fields for nature spirits",
    "Can identify dozens of soil types by smell alone",
    "Keeps meticulous records of weather patterns going back decades",
    "Carries seeds in pockets at all times, just in case",
    "Has a special dance performed at planting time",
    "Refuses to use metal tools on certain plants",
    "Tastes soil to judge its quality",
    "Sleeps in the fields during critical growing periods",
    "Crafts scarecrows that look eerily like specific people",
    "Brews special tea from weeds that others discard"
  ],
  "SpeechPatterns": [
    "Speaks in agricultural metaphors",
    "Punctuates sentences with weather observations",
    "Uses plant growth stages to describe progress",
    "Refers to time in terms of seasons and harvests",
    "Speaks slowly and deliberately like steady growth",
    "Peppers conversation with old farming proverbs",
    "Compares people to different types of crops",
    "Talks in a rhythmic pattern like planting rows",
    "Addresses animals and plants during conversation",
    "Uses different tones when discussing different crops",
    "Speaks louder when rain threatens as if competing",
    "Trails off when discussing future harvests, showing uncertainty",
    "Repeats important points three times, like planting cycles",
    "Refers to the sun and moon as old friends"
  ],
  "PhysicalTraits": [
    "Permanently dirt-stained hands that never fully clean",
    "Deeply tanned face with pale forehead from hat wearing",
    "Calloused palms from years of tool handling",
    "Walks with a slight stoop from bending over plants",
    "Weather-beaten skin that resembles fertile soil",
    "Strong, gnarled hands that can cradle both seeds and tools",
    "Squints habitually from watching the sky for weather",
    "Carries the scent of earth and growing things",
    "Has a particular tan line from their preferred work clothes",
    "Muscular forearms from constant digging and lifting",
    "Fingernails that always have a trace of soil beneath them",
    "Hair often contains bits of straw or leaves",
    "Skin texture varies with the seasons like the fields",
    "Moves with deliberate, measured steps like planting rows"
  ],
  "Relationships": [
    "Judges others by how they treat the land",
    "Forms deep bonds with fellow farmers during harvest",
    "Treats children like seedlings needing guidance",
    "Suspicious of merchants who've never grown food",
    "Respects elders as repositories of agricultural wisdom",
    "Sees family as a crop that needs tending and care",
    "Forms partnerships based on complementary farming skills",
    "Maintains boundaries as clearly as field markers",
    "Shares harvest bounty generously but expects help when needed",
    "Protective of those who work their land",
    "Slow to trust outsiders until they've seen a full growing season",
    "Measures friendships by seasons weathered together",
    "Teaches farming skills as a way of showing affection",
    "Uncomfortable with those who waste food or resources"
  ],
  "Values": [
    "Sustainability over quick yields",
    "Working with nature rather than against it",
    "Knowledge passed down through generations",
    "Self-sufficiency and resilience",
    "The rhythm of seasonal cycles",
    "Patience in waiting for growth",
    "Respect for the land that provides",
    "Community cooperation during crucial farming times",
    "Careful stewardship of resources",
    "Balance between taking and giving back",
    "Practical solutions over theoretical ideas",
    "The wisdom found in observation",
    "Honoring ancestors through continuing their practices",
    "Adapting traditions to changing conditions"
  ],
  "Hobbies": [
    "Whittling small figures of farm animals",
    "Brewing spirits from excess crops",
    "Predicting weather patterns as a game",
    "Collecting unusual seeds from travelers",
    "Competing in produce size competitions",
    "Experimenting with new recipes using their harvest",
    "Crafting tools from natural materials",
    "Mapping the best wild foraging spots",
    "Tracking wild animal movements around their land",
    "Stargazing to learn planting signs",
    "Telling tales of legendary harvests around fires",
    "Creating dyes from plants they grow",
    "Keeping journals of growing conditions each year",
    "Teaching children traditional farming songs"
  ],
  "CulturalBackground": [
    "From plains where vast grain fields stretch to the horizon",
    "Raised in terraced mountain farms where every inch counts",
    "Comes from a riverside community that uses annual flooding",
    "Desert farmer who knows secrets of water conservation",
    "From a nomadic herding tradition recently settled",
    "Coastal farmer who combines fishing with agriculture",
    "Raised in forest clearings where crops compete with trees",
    "From a culture that worships agricultural deities",
    "Tropical farmer adapted to year-round growing seasons",
    "From a community that practices communal farming",
    "Raised in a tradition where specific crops are sacred",
    "From a region famous for a particular agricultural product",
    "Comes from a culture where farming and magic are intertwined",
    "Raised in a tradition of specialized crop rotation"
  ],
  "AgeGroup": [
    "Young farmer still learning the signs and seasons",
    "New parent balancing childcare with crop care",
    "Middle-aged with decades of weather patterns memorized",
    "Elder whose body aches predict storms better than signs",
    "Recently inherited the family farm and its responsibilities",
    "Experienced farmer in their prime productive years",
    "Aging farmer beginning to pass knowledge to the next generation",
    "Child of farmers already showing natural talent",
    "Grandparent who still insists on working during harvest",
    "Late-career farmer experimenting with new methods"
  ],
  "LifeEvents": [
    "Survived a devastating crop blight that changed their approach",
    "Once grew a crop so abundant it fed the village through winter",
    "Lost precious family seeds during a flood and spent years recovering them",
    "Discovered a natural method of pest control by accident",
    "Won a regional farming competition that brought recognition",
    "Traveled to learn farming techniques from distant regions",
    "Saved their entire herd during a terrible storm",
    "Crossbred plants to create a variety named after them",
    "Transformed poor soil into fertile ground through years of work",
    "Predicted a natural disaster that allowed the village to prepare",
    "Introduced a new crop that changed local farming practices",
    "Survived alone on their farm during a harsh winter",
    "Fought off raiders trying to steal their harvest",
    "Nursed a rare plant back from the edge of extinction"
  ],
  "EmotionalState": [
    "Anxious about upcoming weather patterns",
    "Content after a successful harvest",
    "Worried about signs of changing climate",
    "Proud of this season's healthy crops",
    "Frustrated by persistent pests",
    "Hopeful about new planting techniques",
    "Determined despite recent setbacks",
    "Peaceful when working with soil",
    "Excited about experimental crops",
    "Concerned about market prices for produce",
    "Satisfied by the rhythm of farm life",
    "Nostalgic for farming methods of the past",
    "Apprehensive about trying new approaches",
    "Joyful during the abundance of harvest time"
  ]
}