{
  "Archetypes": [
    "Angler",
    "Seafarer",
    "Storyteller",
    "Deep Sea Explorer",
    "Net Master",
    "Tide Watcher",
    "Reef Guardian",
    "Bait Crafter",
    "Current Rider",
    "Fish Whisperer",
    "Boat Builder",
    "Depth Diver",
    "Line Caster",
    "Catch Trader",
    "Wave Reader",
    "Harbor Keeper",
    "Tackle Maker"
  ],
  "Personalities": [
    "Quiet",
    "Patient",
    "Superstitious",
    "Loves tall tales",
    "Observant",
    "Weather-wise",
    "Contemplative",
    "Solitary by nature",
    "Rhythmic in movements like the tides",
    "Cautious around strangers",
    "Boastful about catches",
    "Philosophical about life and water",
    "Competitive with other fishers",
    "Respectful of water's power",
    "Stubborn about fishing methods",
    "Calm during crisis",
    "Easily excited by unusual catches",
    "Nostalgic about past fishing glory",
    "Methodical in preparation",
    "Intuitive about water conditions"
  ],
  "Backstories": [
    "Lived by the sea all their life, learning its moods and secrets",
    "Caught a legendary fish once but released it after it spoke to them",
    "Knows the best fishing spots that they keep secret from others",
    "Has a lucky fishing hat without which they won't go near water",
    "Survived a terrible storm at sea that claimed their fishing boat",
    "Mapped the underwater caves near the village",
    "Descended from a long line of fishers dating back generations",
    "Was once pulled into deep water by a massive catch and nearly drowned",
    "Discovered a sunken treasure while fishing and kept a small token",
    "Learned fishing from a mysterious stranger who disappeared one foggy morning",
    "Saved a drowning child and was blessed by a water spirit in return",
    "Crafted a special fishing rod from wood struck by lightning",
    "Once caught fish for the royal table and received a special commendation",
    "Survived alone on a small island for months after being shipwrecked",
    "Communicates with fish through a special whistle passed down in their family",
    "Traded a prized possession for knowledge of secret fishing techniques",
    "Rescued a rare aquatic creature that now appears before big catches",
    "Keeps a journal of every significant catch with detailed illustrations"
  ],
  "Goals": [
    "To catch the one that got away",
    "To discover what lies in the deepest waters",
    "To pass down their fishing techniques",
    "To prove their sea stories are true",
    "To map all the fishing spots in the region",
    "To craft the perfect fishing rod that never breaks",
    "To establish a fishing school for village children",
    "To discover a new species of fish and have it named after them",
    "To restore polluted waters to their former abundance",
    "To understand the language of water creatures",
    "To build a boat that can withstand any storm",
    "To create a detailed almanac of fish migrations and seasons",
    "To find the mythical underwater city spoken of in legends",
    "To develop fishing methods that never deplete local populations",
    "To be remembered in fishing tales long after they're gone"
  ],
  "Fears": [
    "Sea monsters",
    "Polluted waters",
    "Storms",
    "Running out of fish",
    "Being forgotten on land",
    "Drowning",
    "Fishing nets coming back empty day after day",
    "The legendary water serpent that haunts deep waters",
    "Losing their way in fog and never finding shore",
    "Their boat rotting beyond repair",
    "Water spirits taking offense at improper fishing practices",
    "Being unable to swim due to injury or age",
    "The ancient curse that follows those who take too much from the sea",
    "Industrial fishing depleting traditional grounds",
    "Losing connection with the water that has defined their life",
    "The prophesied flood that will change all fishing grounds",
    "Their fishing secrets dying with them",
    "Being proven wrong about where the best catches hide"
  ],
  "Quirks": [
    "Ties intricate knots while talking",
    "Can predict weather by watching fish behavior",
    "Collects unusual items found in fish stomachs",
    "Refuses to fish during certain moon phases",
    "Names each fishing hook and speaks to them while casting",
    "Performs a specific ritual before setting out on the water",
    "Can imitate the calls of various water birds perfectly",
    "Keeps a scale from their first catch in a locket",
    "Measures everything in 'fish lengths'",
    "Carves tiny boats during downtime that perfectly replicate real vessels",
    "Speaks to the water before casting a line, asking permission",
    "Has a different superstition for each day of the week",
    "Refuses to eat what they catch on certain special days",
    "Can fall asleep instantly in a rocking boat but barely sleeps on land",
    "Collects different waters in labeled bottles from everywhere they fish",
    "Tells the same fishing story differently each time",
    "Marks their body with small tattoos for significant catches",
    "Whistles specific tunes believed to attract different types of fish"
  ],
  "SpeechPatterns": [
    "Speaks with the rhythm of waves, rising and falling",
    "Uses fishing metaphors for everything in life",
    "Punctuates sentences with nautical terms",
    "Speaks slowly as if words are being reeled in",
    "Trails off mid-sentence when distracted by water movements",
    "Refers to directions as port, starboard, fore, and aft",
    "Peppers speech with old sailors' superstitions",
    "Speaks louder when excited about a catch, quieter about techniques",
    "Uses different whistling sounds to emphasize points",
    "Describes people and situations in terms of water conditions",
    "Exaggerates measurements with hands growing wider with each telling",
    "Speaks to inanimate objects as if they're alive, especially boats",
    "Repeats the last words others say while thinking, like an echo",
    "Hums sea shanties between sentences"
  ],
  "PhysicalTraits": [
    "Skin weathered and tanned like old leather",
    "Hands permanently curved from holding fishing rods",
    "Squints constantly even away from water glare",
    "Walks with a slight roll as if still on a boat",
    "Smells perpetually of fish and salt water",
    "Has small scars on hands from hooks and lines",
    "Unusually strong forearms from hauling nets",
    "Hair bleached by sun and salt",
    "Calluses on specific fingers from particular fishing techniques",
    "Posture shaped by years of leaning over boat sides",
    "Eyes that seem to reflect water even indoors",
    "Distinctive tan lines from preferred fishing clothes",
    "Moves with unexpected grace despite weathered appearance",
    "Voice roughened by years of calling over water and wind"
  ],
  "Relationships": [
    "Treats close friends like crew members with specific roles",
    "Distrusts those who don't respect the water",
    "Forms deep bonds with fellow fishers who've faced storms",
    "Measures others by their patience and observational skills",
    "Protective of fishing apprentices like rare catches",
    "Sees family as a safe harbor to return to",
    "Competitive with other fishers but united against outsiders",
    "Respects elders who can predict water patterns",
    "Uncomfortable in large groups, preferring one-on-one interactions",
    "Shares catches generously but guards techniques jealously",
    "Treats children with special kindness, teaching them to respect water",
    "Forms stronger bonds during fishing than in any other context",
    "Maintains distance until someone proves their water-worthiness",
    "Remembers debts and favors with perfect clarity"
  ],
  "Values": [
    "Sustainability of fishing grounds above all",
    "Patience as the highest virtue",
    "Respect for water's power and bounty",
    "Self-reliance on the open water",
    "The wisdom found in observation",
    "Balance between taking and giving back",
    "Traditions that have kept fishers safe for generations",
    "Honesty about catches and conditions",
    "Proper treatment of fishing equipment",
    "Knowledge passed from fisher to fisher",
    "The perfect moment of stillness before a catch",
    "Community support during lean seasons",
    "Freedom found on open water",
    "The stories that connect past and present fishers"
  ],
  "Hobbies": [
    "Carving intricate fishing lures",
    "Mapping water depths and currents",
    "Collecting unusual shells and sea glass",
    "Brewing special drinks using water from different sources",
    "Predicting weather patterns as a game",
    "Repairing and improving boats and equipment",
    "Telling elaborate fishing tales at gatherings",
    "Creating fishing knots no one else can untie",
    "Studying the behavior of water birds",
    "Crafting waterproof containers from natural materials",
    "Preserving and mounting unusual catches",
    "Teaching swimming techniques to village children",
    "Tracking and recording fish migration patterns",
    "Composing songs about legendary catches and storms"
  ],
  "CulturalBackground": [
    "From coastal villages where fishing rituals mark every season",
    "Raised on stories of the sea deity who must be appeased",
    "Comes from island people who navigate by stars and currents",
    "From a culture that believes certain fish contain ancestral spirits",
    "Raised in floating communities that follow fish migrations",
    "From deep-water fishers who rarely come to shore",
    "Raised in a tradition where fishing rights are sacred inheritance",
    "From a community that holds fishing competitions to settle disputes",
    "Comes from a culture where specific fish are only caught on holy days",
    "Raised with beliefs about water spirits who must be acknowledged",
    "From a tradition where fishing methods are closely guarded secrets",
    "Comes from a region famous for a particular preservation technique",
    "Raised in a community where everyone takes turns at different fishing roles",
    "From a culture where fishing and storytelling are inseparably linked"
  ],
  "AgeGroup": [
    "Young fisher still learning to read water patterns",
    "New boat owner proud of their first vessel",
    "Middle-aged master with secret fishing spots",
    "Elder whose body aches predict storms better than any sign",
    "Recently completed fishing apprenticeship with a renowned master",
    "Experienced fisher in their prime catching years",
    "Aging fisher beginning to teach rather than catch",
    "Child of fishers already showing natural talent with nets",
    "Grandparent who still insists on going out in all but the worst weather",
    "Late-career fisher experimenting with new techniques"
  ],
  "LifeEvents": [
    "Survived being lost at sea for weeks by following water birds",
    "Once caught a fish so rare it brought scholars from distant lands",
    "Lost their mentor in a sudden storm and now carries their legacy",
    "Discovered a new fishing ground that sustained the village during famine",
    "Was blessed by water spirits after returning a sacred creature to the deep",
    "Broke local records with a legendary catch that's still talked about",
    "Rescued shipwreck survivors using knowledge of currents and tides",
    "Developed a new fishing technique after observing unusual water behavior",
    "Survived a water monster attack that left mysterious scars",
    "Found ancient artifacts in fishing nets that changed historical understanding",
    "Saved the fishing fleet by predicting a massive storm others missed",
    "Was chosen by a rare aquatic creature that now helps with fishing",
    "Traveled to distant waters and brought back revolutionary fishing methods",
    "Healed a seemingly fatal injury using secret water-based remedies"
  ],
  "EmotionalState": [
    "Calm as still water most times, stormy when provoked",
    "Wistful about the diminishing fish populations",
    "Excited about unusual water conditions promising rare catches",
    "Anxious about changing water patterns affecting traditional grounds",
    "Peaceful when near water, restless when away too long",
    "Proud of recent catches that proved their methods superior",
    "Concerned about younger fishers taking unnecessary risks",
    "Joyful when sharing fishing knowledge with receptive learners",
    "Melancholic during certain moon phases affecting tides",
    "Frustrated by those who don't respect fishing boundaries",
    "Content after a day of good fishing regardless of catch size",
    "Suspicious of strangers asking too many questions about fishing spots",
    "Hopeful about signs indicating an abundant season ahead",
    "Determined to prove a new fishing theory despite skepticism"
  ]
}