{
  "Archetypes": [
    "Marksman",
    "Craftsman",
    "Hunter",
    "Bowyer",
    "Arrow Sage",
    "Precision Specialist",
    "Feather Worker",
    "Shaft Balancer",
    "Bow Engineer",
    "Projectile Expert",
    "Flight Designer",
    "Accuracy Consultant",
    "String Master",
    "Nock Perfectionist",
    "Range Specialist",
    "Trajectory Analyst",
    "Archery Innovator"
  ],
  "Personalities": [
    "Precise",
    "Focused",
    "Resourceful",
    "Competitive",
    "Sharp-eyed",
    "Steady-handed",
    "Methodical",
    "Perfectionist about balance",
    "Patient with fine details",
    "Analytical of flight patterns",
    "Obsessive about symmetry",
    "Calm under pressure",
    "Meticulous about measurements",
    "Proud of their craftsmanship",
    "Critical of inferior work",
    "Experimental with new designs",
    "Quiet and observant",
    "Straightforward in communication",
    "Persistent until achieving perfection",
    "Thoughtful about materials and their properties"
  ],
  "Backstories": [
    "Trained by master archers from a young age",
    "Crafted arrows for a famous hero who slew a dragon",
    "Can shoot an apple off a piglin's head from a hundred paces",
    "Is developing explosive arrows using secret techniques",
    "Won archery contests across multiple villages",
    "Learned their craft after being wounded by an arrow in battle",
    "Discovered a unique wood that makes exceptionally straight shafts",
    "Studied under a legendary fletcher who served royalty",
    "Developed a special fletching technique after observing bird flight",
    "Survived in the wilderness for years using only a bow they crafted",
    "Revolutionized arrow design after a dream vision of perfect flight",
    "Crafted a bow that saved a village from monster attack",
    "Comes from a family with fletching secrets passed down generations",
    "Learned archery from elves (or another mystical group)",
    "Was an archer in a great war before becoming a fletcher",
    "Discovered a unique adhesive for fletching that withstands any weather",
    "Traveled to distant lands to study different archery traditions",
    "Once crafted an arrow that flew true despite impossible winds"
  ],
  "Goals": [
    "To craft the perfect bow",
    "To hit an impossible target",
    "To develop revolutionary arrow designs",
    "To train the next champion archer",
    "To discover a wood species with perfect properties for bows",
    "To create arrows that can pierce any armor",
    "To establish a fletcher's guild with quality standards",
    "To craft a bow that never needs restringing",
    "To develop arrows that can change direction in flight",
    "To rediscover lost arrow-crafting techniques from ancient times",
    "To create a bow that can be drawn by anyone regardless of strength",
    "To develop silent arrows that make no sound in flight",
    "To craft a legendary bow worthy of being named and remembered",
    "To perfect a method for creating perfectly balanced arrows every time",
    "To develop specialized arrows for every possible situation"
  ],
  "Fears": [
    "Losing their eyesight",
    "Hand tremors",
    "Running out of quality wood",
    "Their designs being stolen",
    "Being outshot by a rival",
    "Creating a weapon that causes unintended harm",
    "Forests being depleted of proper bow woods",
    "Losing their reputation due to one failed product",
    "Modern weapons making bows obsolete",
    "Arthritis preventing precise work",
    "Birds becoming too scarce for proper fletching",
    "Their knowledge dying with them",
    "Creating an imbalanced arrow that flies erratically",
    "Being forced to rush their craftsmanship",
    "Weather conditions that ruin carefully crafted bows",
    "String materials becoming unavailable",
    "Being unable to pass down their techniques",
    "Their arrows being used for dishonorable purposes"
  ],
  "Quirks": [
    "Tests each arrow by balancing it on one finger",
    "Carries a bow at all times",
    "Can identify different woods by their smell",
    "Collects feathers from rare birds",
    "Names their finest bows and arrows",
    "Refuses to work during certain phases of the moon",
    "Measures everything in 'arrow lengths'",
    "Keeps the first arrow they ever made",
    "Whistles specific tones while working to test acoustics",
    "Can predict weather by how bow strings feel",
    "Insists on using only tools they've made themselves",
    "Performs a small ritual before starting each new bow",
    "Categorizes people by what kind of bow would suit them",
    "Speaks to arrows while fletching them",
    "Keeps meticulous records of every arrow made",
    "Tests each bow by shooting at increasingly difficult targets",
    "Collects broken arrows from famous archers",
    "Refuses to sell to those who can't demonstrate proper form"
  ],
  "SpeechPatterns": [
    "Speaks with precision, rarely using unnecessary words",
    "Uses archery metaphors for everyday situations",
    "Describes people and situations in terms of trajectory",
    "Pauses before important points like drawing a bow",
    "Speaks directly and to the point, like a well-aimed arrow",
    "Emphasizes certain words with a gesture like releasing an arrow",
    "Tends to talk about 'hitting the mark' in conversation",
    "Speaks rhythmically, like the cadence of nocking and drawing",
    "Uses technical archery terms in inappropriate contexts",
    "Describes emotions in terms of tension and release",
    "Tends to aim comments with careful consideration",
    "Speaks more quietly the more important the information",
    "Uses distance measurements to describe relationships",
    "Frequently refers to 'finding the target' of a conversation"
  ],
  "PhysicalTraits": [
    "Callused fingers from years of drawing bowstrings",
    "One eye slightly more squinted from aiming",
    "Unusually developed muscles on drawing arm",
    "Stands with perfect posture, as if always ready to shoot",
    "Hands stained with various wood dyes and finishes",
    "Moves with exceptional balance and precision",
    "Fingers slightly curved from holding tools and arrows",
    "Eyes that seem to constantly assess distances",
    "Small scars on forearms from bowstring snaps",
    "Carries themselves with the stillness of a hunter",
    "Hair often contains small wood shavings or feather bits",
    "Gestures with unusual precision and control",
    "Breathing naturally synchronized with their movements",
    "Tends to stand sideways to others, as if at an archery line"
  ],
  "Relationships": [
    "Judges others by their attention to detail",
    "Forms strong bonds with those who appreciate precision",
    "Treats apprentices with exacting standards",
    "Competitive but respectful toward other fletchers",
    "Protective of those who use their bows and arrows",
    "Dismissive of those who handle equipment carelessly",
    "Respects hunters and warriors who demonstrate skill",
    "Forms partnerships with woodworkers and feather collectors",
    "Treats regular customers like extended family",
    "Uncomfortable around chaotic or unpredictable people",
    "Develops deep loyalty to those who've proven their accuracy",
    "Maintains professional distance until craftsmanship is proven",
    "Remembers everyone by their shooting style or preferences",
    "Secretly tests new acquaintances with small precision challenges"
  ],
  "Values": [
    "Precision above all else",
    "The perfect balance between flexibility and strength",
    "Patience in crafting and shooting",
    "Honesty about materials and quality",
    "The integrity of well-made equipment",
    "Tradition balanced with innovation",
    "Respect for the materials being worked",
    "The honor of creating tools that hit their mark",
    "Fair payment for quality work",
    "Knowledge passed from master to apprentice",
    "The responsibility of creating potentially lethal tools",
    "Sustainability in harvesting wood and feathers",
    "The beauty in perfect function",
    "The discipline required for mastery"
  ],
  "Hobbies": [
    "Competitive archery",
    "Bird watching to study flight patterns",
    "Collecting unusual woods from distant places",
    "Studying the history of famous bows and arrows",
    "Hunting to test their creations firsthand",
    "Carving miniature bows with working mechanisms",
    "Developing specialized arrows for different purposes",
    "Experimenting with new materials for bowstrings",
    "Creating artistic targets with challenging patterns",
    "Teaching archery to village children",
    "Studying the mathematics of projectile flight",
    "Crafting specialized tools for arrow making",
    "Breeding birds for superior fletching feathers",
    "Researching historical battles won by archery"
  ],
  "CulturalBackground": [
    "From forest regions with access to the finest bow woods",
    "Raised in a culture where archery is central to coming-of-age rituals",
    "From a desert tradition that developed specialized bow techniques",
    "Comes from a lineage of royal bow makers with secret methods",
    "Raised in mountain communities where long-distance shooting is essential",
    "From a nomadic culture that relies on bows for survival",
    "Comes from a tradition where bow making has spiritual significance",
    "Raised in a warrior culture where archery is the highest martial art",
    "From a culture where specific arrows are used in ceremonies",
    "Comes from a region famous for a distinctive bow style",
    "Raised in a tradition where fletchers are considered to have magical insight",
    "From a culture where certain woods are believed to have special properties",
    "Comes from a region where archery competitions determine leadership",
    "Raised in a community that survived through superior ranged weapons"
  ],
  "AgeGroup": [
    "Young fletcher still mastering basic techniques",
    "New shop owner establishing their reputation for quality",
    "Mid-career master with signature bow designs",
    "Elder whose experience compensates for diminishing eyesight",
    "Recently completed apprenticeship with innovative ideas",
    "Experienced professional training the next generation",
    "Aging expert focusing on the most challenging commissions",
    "Child of fletchers already showing talent beyond their years",
    "Grandmaster whose designs have influenced a generation",
    "Late-career fletcher experimenting with revolutionary concepts"
  ],
  "LifeEvents": [
    "Survived an attack that was repelled only by their archery skills",
    "Created a bow that was used to win a legendary competition",
    "Lost a close friend due to a flawed arrow, driving a quest for perfection",
    "Discovered a unique material that revolutionized their craft",
    "Bow was used in a famous battle that changed history",
    "Traveled with hunters to remote regions to test designs in the field",
    "Saved by someone using their bow, cementing their purpose",
    "Inherited tools from a master with supposedly magical properties",
    "Won a seemingly impossible archery challenge with their own equipment",
    "Survived a workshop fire that destroyed years of work",
    "Created a new type of bow that others now try to replicate",
    "Crafted a set of arrows that never missed their targets",
    "Introduced a foreign bow design that changed local archery",
    "Developed a new fletching technique after a dream vision"
  ],
  "EmotionalState": [
    "Satisfied after completing a perfectly balanced bow",
    "Concerned about declining quality of available materials",
    "Excited about a breakthrough in arrow design",
    "Frustrated by customers who don't maintain their equipment",
    "Proud of apprentices who are developing good technique",
    "Worried about competition from mass-produced weapons",
    "Content when surrounded by the familiar smells of the workshop",
    "Anxious about an important commission for a renowned archer",
    "Joyful when seeing their bows being used skillfully",
    "Melancholic about changing times and techniques",
    "Determined to solve a persistent design problem",
    "Peaceful during the meditative process of fletching",
    "Irritable when supplies don't meet their standards",
    "Hopeful about passing knowledge to the next generation"
  ]
}