{
  "Archetypes": [
    "Tanner",
    "Artisan",
    "Equestrian",
    "Hide Master",
    "Fashion Pioneer",
    "Texture Specialist",
    "Saddle Maker",
    "Armor Crafter",
    "Pattern Designer",
    "Dye Expert",
    "Restoration Artist",
    "Weatherproofing Specialist",
    "Embossing Master",
    "Leather Sculptor",
    "Utility Designer",
    "Durability Engineer",
    "Comfort Specialist"
  ],
  "Personalities": [
    "Resourceful",
    "Creative",
    "Practical",
    "Smells faintly of leather",
    "Tactile",
    "Patient",
    "Meticulous",
    "Appreciative of natural materials",
    "Proud of traditional techniques",
    "Experimental with new methods",
    "Sensitive to textures",
    "Resilient like the materials they work with",
    "Flexible in approach but firm in standards",
    "Protective of quality craftsmanship",
    "Thoughtful about sustainability",
    "Persistent through difficult projects",
    "Adaptable to client needs",
    "Precise with measurements",
    "Calm when facing challenges",
    "Passionate about the transformative process"
  ],
  "Backstories": [
    "Crafted armor for knights in the great war",
    "Makes the most comfortable saddles that riders request by name",
    "Knows secret tanning techniques passed down through generations",
    "Dreams of making a leather dragon that can fly",
    "Traveled with nomadic herders to learn their leather-working methods",
    "Once made boots for a king",
    "Rescued and repurposed leather from a sunken ship",
    "Apprenticed under a master who worked with exotic hides",
    "Developed a unique waterproofing method after being caught in a storm",
    "Created a leather map that survived a journey across the desert",
    "Learned to work with leather after being stranded in the wilderness",
    "Crafted ceremonial items for royal coronations",
    "Discovered a natural dye that creates previously impossible colors",
    "Restored ancient leather artifacts for a museum",
    "Invented a new stitching technique that revolutionized durability",
    "Survived by making and selling leather goods after losing everything",
    "Created disguises from leather that fooled even close family members",
    "Developed special leather armor that saved lives in battle"
  ],
  "Goals": [
    "To create leather that lasts forever",
    "To craft a masterpiece that will be remembered",
    "To discover new tanning methods",
    "To open a shop in the capital city",
    "To develop leather that can withstand any environment",
    "To create a perfect replica of a legendary leather artifact",
    "To establish a guild that maintains quality standards",
    "To craft leather so fine it feels like silk",
    "To develop dyes that never fade regardless of conditions",
    "To create armor that offers protection without sacrificing mobility",
    "To discover how ancient cultures worked with leather",
    "To craft items that become family heirlooms",
    "To develop techniques that use every part of the hide without waste",
    "To create a signature style recognized throughout the land",
    "To train apprentices who will carry on traditional methods"
  ],
  "Fears": [
    "Running out of quality hides",
    "Their hands becoming too stiff to work",
    "Fire destroying their workshop",
    "Their techniques being forgotten",
    "Losing their sense of touch",
    "Being unable to pass down their knowledge",
    "Synthetic materials replacing leather",
    "Their work being undervalued",
    "Rare materials becoming extinct",
    "Tanning chemicals damaging their health",
    "Changing fashion making their skills obsolete",
    "Inferior craftsmanship damaging the reputation of the trade",
    "Weather conditions that ruin carefully prepared hides",
    "Their tools wearing out beyond repair",
    "Being forced to rush their work",
    "Losing their creative inspiration",
    "Their designs being stolen and mass-produced",
    "Environmental changes affecting traditional tanning methods"
  ],
  "Quirks": [
    "Can identify any animal by touching its hide",
    "Names each piece they create",
    "Collects unusual skins from rare creatures",
    "Wears something they made every day",
    "Tests leather quality by biting it",
    "Refuses to work during certain weather conditions",
    "Has a lucky awl they use to start every project",
    "Talks to the leather while working it",
    "Keeps a journal of every hide they've ever worked with",
    "Can tell a person's character by the leather items they wear",
    "Follows specific rituals before cutting into a new hide",
    "Collects scraps that others would discard",
    "Has a specific organization system that seems chaotic to others",
    "Carries samples of their favorite leathers at all times",
    "Refuses to use certain tools on specific types of leather",
    "Creates tiny leather trinkets from leftover pieces",
    "Marks their work with a secret symbol visible only in certain light",
    "Insists on using traditional tools even when newer ones are available"
  ],
  "SpeechPatterns": [
    "Describes everything in terms of texture and flexibility",
    "Uses leather-working metaphors for life situations",
    "Speaks with a rhythm like the pulling of thread through leather",
    "Describes people in terms of what kind of hide they resemble",
    "Pauses to feel textures while speaking",
    "Punctuates important points by making a cutting gesture",
    "Uses specialized leather-working terms in everyday conversation",
    "Speaks more softly when discussing fine details",
    "Describes emotions in terms of how leather is treated",
    "Tends to repeat instructions like the repetitive process of tanning",
    "Speaks with confidence about materials but hesitates on other topics",
    "Uses hands expressively when explaining techniques",
    "Refers to the 'grain' of situations like the grain of leather",
    "Frequently mentions durability and flexibility in conversation"
  ],
  "PhysicalTraits": [
    "Hands stained from years of working with tanning agents",
    "Callused fingertips from pushing needles through tough hides",
    "Carries the distinctive scent of leather and tanning oils",
    "Forearms developed from working tough materials",
    "Small scars on hands from slipped tools",
    "Posture shaped by hours of leaning over a workbench",
    "Squints slightly from focusing on detailed stitching",
    "Fingernails kept precisely trimmed for delicate work",
    "Skin on hands smooth in some places, rough in others from different tasks",
    "Moves with deliberate precision like when cutting valuable hide",
    "Often has bits of leather dust in hair or on clothes",
    "Wears multiple layers that can be adjusted like working with leather layers",
    "Has a distinctive way of handling objects, always testing their texture",
    "Tends to stand with weight shifted to one side from working at a bench"
  ],
  "Relationships": [
    "Judges others by how they treat their leather goods",
    "Forms strong bonds with those who appreciate craftsmanship",
    "Treats apprentices with firm guidance but growing trust",
    "Competitive but respectful toward other leatherworkers",
    "Protective of suppliers who provide quality materials",
    "Dismissive of those who can't tell good leather from poor",
    "Respects hunters and herders who provide quality hides",
    "Forms partnerships with metal workers for hardware components",
    "Treats regular customers like extended family",
    "Uncomfortable around those who waste materials",
    "Develops deep loyalty to those who've supported their craft",
    "Maintains professional distance until quality appreciation is proven",
    "Remembers everyone by what leather goods they purchased",
    "Secretly tests new acquaintances with questions about materials"
  ],
  "Values": [
    "Quality materials above all else",
    "The transformation of raw hide to refined leather",
    "Functionality balanced with beauty",
    "Honesty in craftsmanship and materials",
    "The integrity of well-made goods",
    "Tradition balanced with innovation",
    "Respect for the animals that provide the hides",
    "The honor of creating items that serve for generations",
    "Fair payment for quality work",
    "Knowledge passed from master to apprentice",
    "The responsibility of using resources wisely",
    "Sustainability in harvesting and tanning",
    "The beauty found in natural variations",
    "The dignity of working with one's hands"
  ],
  "Hobbies": [
    "Collecting unusual tools from different leather traditions",
    "Studying the hides of exotic creatures",
    "Experimenting with natural dyes and treatments",
    "Creating miniature leather sculptures",
    "Researching historical leather-working techniques",
    "Trading samples with distant leatherworkers",
    "Developing new patterns and designs",
    "Studying animal anatomy to better understand hides",
    "Foraging for natural tanning agents",
    "Restoring antique leather items",
    "Creating leather-bound journals with hidden compartments",
    "Teaching basic leather-working to children",
    "Competing in crafting competitions",
    "Documenting regional variations in leather-working methods"
  ],
  "CulturalBackground": [
    "From northern regions where cold-resistant leather is essential",
    "Raised in a culture that uses leather as a primary building material",
    "From a desert tradition that specializes in lightweight, breathable leather",
    "Comes from a lineage of royal leather crafters with secret techniques",
    "Raised in nomadic communities that developed portable tanning methods",
    "From a tradition where specific animals are considered sacred for leather",
    "Comes from a culture where leather items tell stories through patterns",
    "Raised in a tradition where leather-working is considered a spiritual practice",
    "From a culture where specific leather items mark life milestones",
    "Comes from a region famous for a distinctive leather treatment",
    "Raised in a tradition where leather-workers are considered luck-bringers",
    "From a culture where certain leather-working techniques are kept secret",
    "Comes from a region where leather is used for currency and trade",
    "Raised in a community that survived through superior leather armor"
  ],
  "AgeGroup": [
    "Young leatherworker still learning to judge hide quality",
    "New shop owner establishing their reputation for craftsmanship",
    "Mid-career master with signature techniques",
    "Elder whose experience compensates for diminishing strength",
    "Recently completed apprenticeship with innovative ideas",
    "Experienced professional training the next generation",
    "Aging expert focusing on the most intricate commissions",
    "Child of leatherworkers already showing talent beyond their years",
    "Grandmaster whose designs have influenced a generation",
    "Late-career artisan experimenting with unconventional materials"
  ],
  "LifeEvents": [
    "Survived a workshop fire that forced them to start over",
    "Created leather armor that saved someone's life in battle",
    "Discovered a lost manuscript of ancient leather-working techniques",
    "Traveled with traders to distant lands to learn new methods",
    "Won a competition against a leatherworker thought unbeatable",
    "Crafted an item for royalty that became their signature style",
    "Developed a new technique after a dream or vision",
    "Rescued and restored a priceless leather artifact",
    "Survived a period of scarcity by developing alternative materials",
    "Created a leather map that led to an important discovery",
    "Inherited tools from a master with supposedly magical properties",
    "Crafted disguises that helped people escape persecution",
    "Introduced a foreign leather-working style that changed local fashion",
    "Developed a method to make leather resistant to unusual conditions"
  ],
  "EmotionalState": [
    "Satisfied after completing a particularly challenging piece",
    "Concerned about declining quality of available hides",
    "Excited about a new technique recently mastered",
    "Frustrated by customers who don't maintain their leather goods",
    "Proud of apprentices who are developing good technique",
    "Worried about competition from mass-produced items",
    "Content when surrounded by the familiar smell of the workshop",
    "Anxious about an important commission for a notable client",
    "Joyful when working with an exceptionally fine hide",
    "Melancholic about changing tastes and techniques",
    "Determined to solve a persistent design problem",
    "Peaceful during the meditative process of detailed work",
    "Irritable when supplies don't meet their standards",
    "Hopeful about passing knowledge to the next generation"
  ]
}