{
  "Archetypes": [
    "Historian",
    "Bookworm",
    "Archivist",
    "Wizard Wannabe",
    "Knowledge Keeper",
    "Scribe",
    "Storyteller",
    "Scholar",
    "Researcher",
    "Collector",
    "Sage",
    "Translator",
    "Curator",
    "Philosopher",
    "Chronicler",
    "Bibliophile",
    "Loremaster",
    "Wordsmith",
    "Cryptographer",
    "Mythologist"
  ],
  "Personalities": [
    "Scholarly",
    "Inquisitive",
    "Quiet",
    "Pedantic",
    "Absent-minded",
    "Analytical",
    "Eloquent",
    "Contemplative",
    "Meticulous",
    "Philosophical",
    "Argumentative about obscure facts",
    "Easily distracted by new information",
    "Judgmental of poor grammar",
    "Patient teacher",
    "Secretive about certain knowledge",
    "Enthusiastic when sharing discoveries",
    "Skeptical until proven with facts",
    "Nostalgic for ancient wisdom",
    "Competitive about knowledge",
    "Humble despite vast learning",
    "Obsessive about categorization",
    "Forgetful of everyday matters",
    "Precise in language",
    "Easily excited by rare books",
    "Protective of intellectual property"
  ],
  "Backstories": [
    "Written many books on obscure subjects that few read",
    "Guards a forbidden section of books on dangerous knowledge",
    "Seeking a legendary enchanted book said to grant wishes",
    "Constantly shushing people even outside the library",
    "Memorized entire volumes of ancient lore",
    "Rescued rare manuscripts from a burning building",
    "Descended from a long line of royal scribes",
    "Once accidentally discovered a secret code in an ancient text",
    "Traveled to distant lands collecting rare books and scrolls",
    "Survived solely on knowledge during a harsh winter when trapped in their library",
    "Apprenticed under a famous scholar who mysteriously disappeared",
    "Inherited a collection of books with marginalia from an unknown sage",
    "Discovered a lost language and is the only one who can translate it",
    "Exiled from their homeland for reading forbidden texts",
    "Founded a secret society dedicated to preserving forgotten knowledge",
    "Spent years organizing the most chaotic library in the realm",
    "Survived a magical accident caused by a spellbook, gaining unusual insight",
    "Formerly advised royalty before retiring to a life of quiet study",
    "Raised by book-loving spirits in an abandoned library",
    "Traded their most prized possession for a mysterious tome they're still trying to decipher"
  ],
  "Goals": [
    "To read every book ever written",
    "To write the definitive history of the world",
    "To discover lost knowledge",
    "To preserve wisdom for future generations",
    "To create the perfect organizational system for knowledge",
    "To translate an ancient text no one has deciphered",
    "To establish libraries in every village",
    "To find the missing volume of a legendary encyclopedia",
    "To prove a controversial historical theory",
    "To compile all oral traditions before they're forgotten",
    "To create a new form of magical writing",
    "To discover the true author of an anonymous masterpiece",
    "To recover books thought lost to time",
    "To mentor the next generation of scholars",
    "To write a book that changes how people think"
  ],
  "Fears": [
    "Book-burning",
    "Forgetting what they've read",
    "Damage to their collection",
    "Illiteracy spreading",
    "Being proven wrong",
    "Water damage to precious manuscripts",
    "Bookworms (the literal kind)",
    "Knowledge being used for evil",
    "The last copy of a book being destroyed",
    "Losing their eyesight",
    "Being forgotten by history",
    "Their research being stolen",
    "Making a critical error in their work",
    "Running out of shelf space",
    "Being unable to keep up with new knowledge",
    "Discovering everything has already been written",
    "Magical books that can alter reality",
    "Being trapped in a place without books"
  ],
  "Quirks": [
    "Quotes books that don't exist",
    "Organizes everything alphabetically",
    "Smells books before reading them",
    "Carries emergency reading material at all times",
    "Corrects others' grammar mid-conversation",
    "Speaks in literary references others rarely understand",
    "Writes notes in the margins of every book",
    "Refuses to dog-ear pages, using elaborate bookmarks instead",
    "Categorizes people by what genre they would be in a library",
    "Whispers to books as if they can hear",
    "Has a different pair of reading glasses for different genres",
    "Remembers exact page numbers of favorite passages",
    "Refuses to read the last page of a book first",
    "Collects interesting words in a special notebook",
    "Assigns reading lists to anyone who asks for advice",
    "Recites poetry when nervous",
    "Judges people by their bookshelves",
    "Uses archaic words in everyday conversation",
    "Carries a quill pen even though ink bottles are impractical",
    "Practices calligraphy while talking"
  ],
  "SpeechPatterns": [
    "Speaks in literary quotes",
    "Uses unnecessarily complex vocabulary",
    "Whispers as if always in a library",
    "Frequently references obscure books",
    "Speaks slowly and deliberately, choosing words with care",
    "Interrupts themselves to correct grammatical errors",
    "Narrates everyday events as if telling an epic tale",
    "Speaks in rhyming couplets when excited",
    "Adds footnotes to their own sentences",
    "Begins statements with 'According to my research...'",
    "Classifies conversations by subject headings",
    "Speaks in complete paragraphs with clear topic sentences",
    "Mumbles when distracted by a thought",
    "Punctuates speech with literary terms",
    "Tends to monologue on topics of interest"
  ],
  "PhysicalTraits": [
    "Ink-stained fingers",
    "Squints constantly from reading in dim light",
    "Carries a magnifying glass everywhere",
    "Hair always in disarray from running hands through it while thinking",
    "Spectacles perched precariously on nose",
    "Excellent posture from balancing books on head",
    "Perpetually dusty clothes from old tomes",
    "Moves with careful precision, as if navigating crowded bookshelves",
    "Pockets bulging with small notebooks and writing implements",
    "Faint paper cuts on fingers",
    "Slight hunch from bending over books",
    "Eyes that change focus slowly after looking up from reading",
    "Hands that naturally fall into a book-holding position",
    "Voice modulated to library-appropriate volume",
    "Reflexively adjusts non-existent glasses when thinking"
  ],
  "Relationships": [
    "Sees everyone as potential students",
    "Forms deep bonds with fellow book lovers",
    "Maintains correspondence with scholars in distant places",
    "Awkward around those who don't read",
    "Mentors promising young minds",
    "Rivals with another local intellectual",
    "Protective of apprentices",
    "Suspicious of those who ask too many questions about rare books",
    "Seeks out travelers for news from distant libraries",
    "Avoids those who have damaged books in the past",
    "Respects elders as repositories of oral tradition",
    "Impatient with those who read slowly",
    "Treasures quiet companionship while reading together",
    "Keeps emotional distance until literary tastes are established",
    "Forms book clubs that become tight-knit communities"
  ],
  "Values": [
    "Accuracy above all else",
    "Preservation of knowledge",
    "Free access to information",
    "Respect for ancient wisdom",
    "Innovation in cataloging and organization",
    "The written word over oral tradition",
    "Silence and contemplation",
    "Proper care of books",
    "Education for all",
    "Critical thinking and questioning",
    "The perfect turn of phrase",
    "Historical context",
    "Multiple perspectives on every story",
    "The power of imagination",
    "Intellectual honesty"
  ],
  "Hobbies": [
    "Calligraphy",
    "Bookbinding",
    "Creating elaborate indexes",
    "Competitive spelling",
    "Crossword puzzles",
    "Poetry recitation",
    "Collecting rare writing implements",
    "Paper making",
    "Ink brewing from natural materials",
    "Miniature book creation",
    "Literary criticism circles",
    "Debate clubs",
    "Storytelling at local gatherings",
    "Creating secret codes and ciphers",
    "Mapping fictional worlds"
  ],
  "CulturalBackground": [
    "Desert scholar who preserves knowledge through memorization",
    "Mountain hermit who collects wisdom from passing travelers",
    "Coastal chronicler who records tales of sea voyages",
    "Forest sage who reads patterns in nature",
    "Urban academic from a prestigious institution",
    "Nomadic collector of oral histories",
    "Island keeper of weather records and tide tables",
    "Swamp mystic with knowledge of forgotten remedies",
    "Plains historian who tracks migration patterns",
    "Underground archivist preserving banned knowledge",
    "Volcanic region scholar studying ancient disasters",
    "Tundra storyteller who preserves history through long winters",
    "River valley mathematician tracking flood cycles",
    "Jungle botanist documenting rare plants and their uses",
    "Frontier chronicler recording the expansion of civilization"
  ],
  "AgeGroup": [
    "Young prodigy still mastering basic cataloging",
    "Ambitious young adult building their first collection",
    "Mid-career specialist with a growing reputation",
    "Established scholar with several published works",
    "Venerable elder whose memory serves as a living library",
    "Recently apprenticed youth with fresh perspectives",
    "Middle-aged expert reconsidering earlier theories",
    "Aging master training successors",
    "Child genius with natural talent for languages",
    "Ancient keeper of traditions nearing retirement"
  ],
  "LifeEvents": [
    "Survived the great library fire that changed their perspective on preservation",
    "Discovered a rare manuscript while cleaning that made their reputation",
    "Lost years of research in a flood, now obsessive about backups",
    "Correctly predicted an important event based on historical patterns",
    "Traveled with a famous explorer as the expedition chronicler",
    "Falsely accused of plagiarism, now meticulous about citations",
    "Inherited a mysterious collection with annotations in an unknown language",
    "Broke a famous cipher that had stumped scholars for generations",
    "Banned from a prestigious library for challenging orthodox views",
    "Witnessed a magical event that cannot be explained by current knowledge",
    "Recovered from a memory-affecting illness with a new appreciation for records",
    "Served as royal tutor before political changes forced a career change",
    "Founded a school that was later destroyed in conflict",
    "Discovered their family history was entirely fabricated",
    "Accidentally bound a minor spirit into a favorite book"
  ],
  "EmotionalState": [
    "Perpetually curious about new information",
    "Anxious about the state of knowledge preservation",
    "Serene when surrounded by books",
    "Irritable when interrupted during research",
    "Melancholic about knowledge lost to time",
    "Joyful when sharing discoveries with receptive minds",
    "Suspicious of those seeking specific ancient texts",
    "Passionate about literacy initiatives",
    "Conflicted about whether some knowledge should remain hidden",
    "Satisfied when organizing chaotic information",
    "Frustrated by widespread misconceptions",
    "Hopeful about future discoveries",
    "Overwhelmed by how much remains unknown",
    "Protective of intellectual traditions",
    "Excited by the connections between seemingly unrelated facts"
  ]
}