{
  "Archetypes": [
    "Jester",
    "Wanderer",
    "Dreamer",
    "Free Spirit",
    "Village Oddity",
    "Cloud Gazer",
    "Butterfly Chaser",
    "Accidental Philosopher",
    "Spontaneous Dancer",
    "Perpetual Child",
    "Nonsense Speaker",
    "Whimsy Embodiment",
    "Chaos Bringer",
    "Unexpected Sage",
    "Reality Bender",
    "Pattern Breaker",
    "Joy Seeker"
  ],
  "Personalities": [
    "Cheerful",
    "Naïve",
    "Carefree",
    "Easily distracted",
    "Whimsical",
    "Unpredictable",
    "Innocent",
    "Blissfully unaware",
    "Randomly insightful",
    "Perpetually amazed",
    "Delightfully confused",
    "Unintentionally funny",
    "Surprisingly perceptive",
    "Impossibly optimistic",
    "Endearingly clumsy",
    "Genuinely curious about everything",
    "Forgetful but happy",
    "Enthusiastic without reason",
    "Unbothered by social norms",
    "Spontaneously affectionate"
  ],
  "Backstories": [
    "Just vibing through life without worries or plans",
    "Enjoys simple pleasures that others overlook",
    "Lives in the moment, never thinking about tomorrow",
    "Doesn't worry about what others think of them",
    "Was struck by lightning once and hasn't been the same since",
    "Believes they can communicate with clouds",
    "Found a strange mushroom once and ate it, seeing the world differently ever since",
    "Fell from a tree as a child and gained an unusual perspective on life",
    "Raised by particularly eccentric relatives who encouraged daydreaming",
    "Once got lost in the woods for days and returned with bizarre ideas",
    "Claims to have been visited by fairies who taught them secret knowledge",
    "Spent years watching ants and developed a philosophy based on their movements",
    "Tried every profession in the village and failed spectacularly at each one",
    "Accidentally discovered a method of meditation that involves spinning in circles",
    "Believes they were a butterfly in a previous life",
    "Woke up one morning speaking in riddles and never stopped",
    "Found an old book they can't read but pretends to quote from constantly",
    "Survived a high fever that left them with a unique view of reality"
  ],
  "Goals": [
    "To find the shiniest rock",
    "To pet every cat in existence",
    "To discover what's beyond the horizon",
    "To make everyone smile",
    "To count all the stars in the sky",
    "To learn the language of birds",
    "To collect one leaf from every tree in the forest",
    "To find the end of a rainbow",
    "To build a house out of clouds",
    "To discover what dreams are made of",
    "To remember where they left that really important thing",
    "To understand why water is wet",
    "To find out if fish know they're swimming",
    "To create the perfect dance move that makes everyone happy",
    "To figure out where the sun goes at night"
  ],
  "Fears": [
    "Being forced to work",
    "Complicated instructions",
    "Staying still too long",
    "People being angry",
    "Thunderstorms",
    "Forgetting their favorite color",
    "The moon falling from the sky",
    "Their shadow running away",
    "Shoes (they're foot prisons)",
    "The concept of yesterday",
    "Doors that don't lead anywhere interesting",
    "Having to count past ten",
    "Being told to make sense",
    "Accidentally becoming responsible",
    "Their thoughts becoming too organized",
    "Losing their collection of special rocks",
    "Being unable to see colors anymore",
    "The feeling when everyone stops laughing"
  ],
  "Quirks": [
    "Collects random objects that catch their eye",
    "Laughs at things no one else finds funny",
    "Can sleep standing up",
    "Makes up songs about everyday objects",
    "Gives names to inanimate objects and greets them daily",
    "Wears clothes in unusual combinations or backwards",
    "Carries conversations with themselves that somehow make sense",
    "Follows butterflies wherever they go",
    "Measures distance in 'hops' rather than steps",
    "Believes certain colors taste different",
    "Randomly stops to spin in circles for no reason",
    "Collects pockets full of interesting pebbles",
    "Speaks to plants expecting responses",
    "Draws faces on fruits before eating them",
    "Has a different walking style every day",
    "Trades valuable items for things with no apparent worth",
    "Can only count by twos or threes, never ones",
    "Believes their shadow has its own personality"
  ],
  "SpeechPatterns": [
    "Speaks in non-sequiturs that occasionally contain accidental wisdom",
    "Refers to themselves in the third person",
    "Invents new words for common objects",
    "Asks profound questions without realizing their depth",
    "Repeats the last few words others say like an echo",
    "Speaks to animals and objects as if they understand perfectly",
    "Frequently interrupts themselves with new thoughts",
    "Mixes up common sayings and idioms in amusing ways",
    "Speaks in rhymes when excited",
    "Whispers random observations to strangers",
    "Changes volume unpredictably mid-sentence",
    "Giggles between words for no apparent reason",
    "Forgets what they were saying mid-sentence",
    "Uses elaborate hand gestures that don't match their words"
  ],
  "PhysicalTraits": [
    "Hair always looks windblown regardless of weather",
    "Clothes never quite match or fit properly",
    "Perpetual look of wonder or surprise",
    "Moves with unexpected grace despite apparent clumsiness",
    "Always has dirt or paint smudges in unusual places",
    "Pockets bulging with random collected treasures",
    "Wears flowers or leaves in their hair",
    "Has a skip in their step even when walking slowly",
    "Eyes that seem to focus on things others can't see",
    "Unusually expressive face that changes rapidly",
    "Fidgets constantly with whatever is in reach",
    "Tends to tilt head when listening, like a curious puppy",
    "Wears multiple mismatched accessories",
    "Has perfect balance despite appearing uncoordinated"
  ],
  "Relationships": [
    "Treats everyone as their best friend immediately",
    "Forms strong attachments to people who show them kindness",
    "Doesn't recognize social hierarchies or status",
    "Remembers people by unusual features or behaviors",
    "Gives thoughtful but extremely strange gifts",
    "Offers help enthusiastically but rarely effectively",
    "Shares 'secrets' that are obvious to everyone else",
    "Trusts everyone equally regardless of past behavior",
    "Forgets people's names but remembers their favorite colors",
    "Becomes intensely interested in random strangers",
    "Introduces people to their imaginary friends",
    "Mimics the mannerisms of people they like",
    "Asks deeply personal questions without realizing it's inappropriate",
    "Maintains friendships with local wildlife"
  ],
  "Values": [
    "Freedom to wander and explore",
    "The beauty in ordinary things",
    "Kindness without expectation",
    "The perfect napping spot",
    "Collecting experiences rather than things",
    "Finding joy in every moment",
    "The wisdom of children and animals",
    "Colors, sounds, and sensations",
    "The perfect joke or prank",
    "Sharing whatever they have, however little",
    "Living without worry about tomorrow",
    "The stories that clouds tell",
    "The magic in everyday life",
    "Friendship with all creatures"
  ],
  "Hobbies": [
    "Cloud watching and interpretation",
    "Creating collections of items based on changing criteria",
    "Inventing games with rules only they understand",
    "Finding shapes in random patterns",
    "Dancing to music only they can hear",
    "Building precarious towers out of unlikely materials",
    "Having tea parties with inanimate objects",
    "Creating and solving their own riddles",
    "Attempting to communicate with animals",
    "Drawing maps to imaginary places",
    "Rearranging objects to create 'better energy'",
    "Searching for the perfect skipping stone",
    "Naming stars and making up stories about them",
    "Creating potions from flowers and rainwater"
  ],
  "CulturalBackground": [
    "From a community that values dreamers and visionaries",
    "Raised in a tradition that believes in nature spirits",
    "From a family known for producing unusual thinkers",
    "Comes from a lineage of village storytellers and jesters",
    "Raised in a culture that sees unusual behavior as a sign of special gifts",
    "From a tradition where 'fools' are considered closer to divine wisdom",
    "Comes from a community that celebrates eccentricity",
    "Raised near a magical forest said to influence children's minds",
    "From a culture where everyone takes a 'fool's holiday' once a year",
    "Comes from a region known for particularly vivid dreams",
    "Raised in a tradition that believes in reincarnation from magical creatures",
    "From a culture where speaking to nature is a common practice",
    "Comes from a region where certain mushrooms are part of coming-of-age rituals",
    "Raised in a community that values intuition over logic"
  ],
  "AgeGroup": [
    "Young adult with the wonder of a child",
    "Middle-aged but seems ageless",
    "Elder who has embraced silliness as wisdom",
    "Perpetually childlike regardless of actual age",
    "Young enough to be excused but old enough to know better",
    "Ageless wanderer who has been 'around forever'",
    "Recently grown but hasn't noticed the change",
    "Old soul in a youthful body",
    "Changes perceived age based on mood and activity",
    "Claims to be much older than possible or much younger than apparent"
  ],
  "LifeEvents": [
    "Got lost in the woods and was 'raised by squirrels' for a week",
    "Fell into a well and claimed to have spoken with the moon",
    "Accidentally discovered a rare flower that made them sneeze rainbows",
    "Wandered into a fairy ring and danced until sunrise",
    "Survived eating something everyone said was poisonous",
    "Once predicted a storm perfectly by 'listening to the trees'",
    "Disappeared for three days and returned speaking backwards",
    "Found a 'magic' item that others see as junk but brings them luck",
    "Sleepwalked to the top of a tall tree and woke up unafraid",
    "Befriended a wild animal that now follows them occasionally",
    "Accidentally created a village tradition through a misunderstanding",
    "Solved a problem unintentionally that had stumped everyone else",
    "Wandered into a forbidden area and returned unharmed",
    "Once spoke perfect sense for an entire day, terrifying everyone"
  ],
  "EmotionalState": [
    "Delighted by a recent discovery of something mundane",
    "Confused but happily so about everyday occurrences",
    "Excited about a 'brilliant' idea that makes no sense",
    "Serene in the face of chaos and confusion",
    "Fascinated by something no one else notices",
    "Joyful for reasons they can't articulate",
    "Curious about a question with no answer",
    "Worried about an imaginary problem",
    "Proud of an accomplishment others find puzzling",
    "Amused by a private joke they keep forgetting",
    "Determined to complete an impossible task",
    "Peaceful when watching clouds or stars",
    "Enthusiastic about sharing a nonsensical theory",
    "Wistful about something they can't quite remember"
  ]
}