{
  "Archetypes": [
    "Aspirant",
    "Dreamer",
    "Newcomer",
    "Jack-of-all-Trades",
    "Seeker",
    "Wanderer",
    "Free Spirit",
    "Apprentice-in-Waiting",
    "Observer",
    "Generalist",
    "Dabbler",
    "Explorer",
    "Novice",
    "Unaffiliated",
    "Independent"
  ],
  "Personalities": [
    "Eager",
    "Curious",
    "Hopeful",
    "Uncertain",
    "Adaptable",
    "Open-minded",
    "Ambitious",
    "Restless",
    "Indecisive",
    "Flexible",
    "Inquisitive",
    "Easily distracted",
    "Enthusiastic about new things",
    "Reluctant to commit",
    "Experimental",
    "Impressionable",
    "Resourceful",
    "Spontaneous",
    "Versatile",
    "Nonconformist"
  ],
  "Backstories": [
    "Looking for purpose and a place to belong in the village",
    "Recently arrived after leaving their previous home",
    "Learning various trades to find what suits them best",
    "Waiting for the right opportunity to prove their worth",
    "Traveled far to start a new life",
    "Has tried many professions but hasn't found their calling",
    "Born into a family with no traditional trade",
    "Abandoned their previous profession after a life-changing event",
    "Raised by different villagers, picking up bits of knowledge from each",
    "Lost their workshop in a disaster and now starting over",
    "Formerly worked in a now-obsolete profession",
    "Believes they have a special destiny that hasn't revealed itself yet",
    "Constantly changes their mind about what they want to do",
    "Prefers to help everyone rather than specialize",
    "Secretly training in multiple disciplines to become self-sufficient"
  ],
  "Goals": [
    "To discover their true calling",
    "To be accepted by the village",
    "To learn skills from every profession",
    "To build a new life",
    "To create a new type of profession no one has seen before",
    "To prove that specialization isn't necessary for success",
    "To gather enough knowledge to teach others",
    "To find mentors in every craft",
    "To travel and learn from different villages",
    "To become so versatile they're indispensable to everyone",
    "To eventually master a profession others have overlooked",
    "To create a community of like-minded generalists",
    "To record the knowledge of all trades for future generations"
  ],
  "Fears": [
    "Never finding their place",
    "Being rejected",
    "Having to leave again",
    "Making the wrong choice",
    "Disappointing others",
    "Being forced to choose just one path",
    "Becoming too specialized and losing flexibility",
    "Others seeing them as useless without a profession",
    "Missing their true calling by choosing too quickly",
    "Being forgotten because they lack a defining skill",
    "Growing old without mastering anything",
    "Being judged for their indecision",
    "Finding their perfect profession only to discover they lack talent for it"
  ],
  "Quirks": [
    "Practices different trades at night",
    "Carries tools from various professions",
    "Asks endless questions about others' work",
    "Keeps a journal of skills learned",
    "Wears clothing that incorporates elements from different professions",
    "Constantly rearranges their living space to accommodate new interests",
    "Collects failed projects from their many attempts at different crafts",
    "Changes their daily routine completely every few days",
    "Refers to themselves by a different profession title each day",
    "Has a unique system for organizing knowledge from different fields",
    "Invents hybrid tools that combine functions from multiple professions",
    "Speaks in metaphors drawn from various trades",
    "Decorates their home with symbols from all professions",
    "Habitually starts sentences with 'In my limited experience...'"
  ],
  "SpeechPatterns": [
    "Borrows terminology from whatever profession they're currently exploring",
    "Speaks hesitantly, often second-guessing their statements",
    "Asks more questions than makes statements",
    "Frequently changes topics mid-conversation as new ideas occur",
    "Uses simple, straightforward language without specialized jargon",
    "Peppers speech with 'maybe,' 'perhaps,' and 'possibly'",
    "Enthusiastically interrupts with 'I once tried that!' stories",
    "Speaks in incomplete thoughts, often trailing off",
    "Combines vocabulary from different professions in unique ways",
    "Practices different accents and speech patterns they've heard",
    "Repeats the last few words others say while considering responses",
    "Tends to ramble when describing their latest interests",
    "Speaks quickly when excited about new possibilities"
  ],
  "PhysicalTraits": [
    "Clothes patched with different fabrics and styles",
    "Hands showing marks from various types of work",
    "Carries a bag filled with random tools and materials",
    "Hair styled differently every few days",
    "Wears mismatched accessories from different trades",
    "Posture changes depending on what skill they're currently practicing",
    "Ink stains on some fingers, calluses on others",
    "Constantly fidgeting with whatever is at hand",
    "Wears layers that can be adjusted for different types of work",
    "Has a collection of different hats for different occasions",
    "Eyes that dart around, always observing others at work",
    "Moves with a mix of grace and awkwardness, as if still learning their body",
    "Face often smudged with residue from their latest attempt at a craft"
  ],
  "Relationships": [
    "Forms brief but intense friendships with specialists",
    "Seeks mentors everywhere they go",
    "Offers to help everyone, often without being asked",
    "Maintains a wide network of casual acquaintances",
    "Uncomfortable with deep attachments that might limit mobility",
    "Gravitates toward other unaffiliated villagers",
    "Admires specialists but doesn't envy them",
    "Serves as a bridge between different professional groups",
    "Tends to wear out welcomes by asking too many questions",
    "Protective of newcomers and outsiders",
    "Secretly hopes to impress someone enough to be taken as an apprentice",
    "Avoids those who pressure them to choose a path",
    "Treasures those who accept them as they are"
  ],
  "Values": [
    "Freedom to explore different paths",
    "Knowledge for its own sake",
    "Versatility over specialization",
    "Keeping options open",
    "Self-discovery through experimentation",
    "The journey rather than the destination",
    "Connections between different fields of knowledge",
    "Practical skills over theoretical understanding",
    "Personal growth through diverse experiences",
    "Independence from traditional expectations",
    "The right to change one's mind",
    "Learning from failure",
    "The wisdom found in trying many things"
  ],
  "Hobbies": [
    "Collecting techniques from different crafts",
    "Creating fusion recipes combining different cooking styles",
    "Organizing skill-sharing gatherings",
    "Mapping the village and noting who does what where",
    "Experimenting with materials in unconventional ways",
    "Trading services to learn new skills",
    "Documenting the daily lives of different professionals",
    "Creating art that incorporates techniques from multiple crafts",
    "Repurposing discarded items from various trades",
    "Inventing games that teach different skills",
    "Stargazing and creating personal constellations",
    "Foraging for unusual materials others might find useful",
    "Storytelling that weaves together knowledge from different sources"
  ],
  "CulturalBackground": [
    "From a nomadic family that never settled in one place long enough to specialize",
    "Raised in a trading post where many cultures and professions mingled",
    "Comes from a community where roles rotate seasonally",
    "Grew up in a place where traditional professions were dying out",
    "From a family of innovators who value new ideas over tradition",
    "Raised in isolation, having to learn many skills for survival",
    "From a region where generalists are respected as problem-solvers",
    "Comes from a place that suffered disaster, forcing everyone to adapt",
    "Raised in a community that values self-sufficiency above all",
    "From a family that travels between villages offering odd jobs and services"
  ],
  "AgeGroup": [
    "Young adult just beginning to explore possible paths",
    "Middle-aged after a career change or setback",
    "Older individual who has contentedly sampled many trades",
    "Youth who resists pressure to follow family tradition",
    "Recently come of age and overwhelmed by choices",
    "Mid-life, having mastered the basics of several professions",
    "Elder who serves as a repository of general knowledge",
    "Young apprentice who has been dismissed from several positions",
    "Adult returning to the workforce after raising a family",
    "Ageless wanderer whose appearance belies their experience"
  ],
  "LifeEvents": [
    "Was apprenticed to three different masters, all of whom gave up",
    "Survived a disaster by knowing just enough of several crucial skills",
    "Once invented something that combined multiple crafts but lost the plans",
    "Traveled with a caravan and learned bits of every trade they encountered",
    "Was briefly successful in a profession but gave it up to keep exploring",
    "Inherited tools from various relatives but mastered none of them",
    "Won a contest by applying techniques from an unrelated field",
    "Was exiled from their original village for refusing to specialize",
    "Accidentally discovered a new technique while attempting something else",
    "Once filled in for every profession in the village during an illness outbreak"
  ],
  "EmotionalState": [
    "Excited about all the possibilities ahead",
    "Anxious about making the wrong choice",
    "Peaceful in their lack of commitment",
    "Frustrated by others' expectations",
    "Curious about everything and everyone",
    "Wistful about paths not taken",
    "Determined to prove their way of life has value",
    "Overwhelmed by too many options",
    "Joyful in the freedom to experiment",
    "Insecure about their lack of expertise",
    "Proud of their adaptability",
    "Conflicted between specializing and remaining versatile",
    "Hopeful that their diverse skills will eventually converge into purpose"
  ]
}