{
  "Archetypes": [
    "Weaver",
    "Designer",
    "Animal Breeder",
    "Wool Artist",
    "Flock Guardian",
    "Textile Specialist",
    "Color Master",
    "Pattern Creator",
    "Sheep Whisperer",
    "Pasture Manager",
    "Fiber Expert",
    "Dye Specialist",
    "Flock Healer",
    "Wool Trader",
    "Spinning Master",
    "Grazing Strategist",
    "Lamb Nurturer"
  ],
  "Personalities": [
    "Gentle",
    "Artistic",
    "Calm",
    "Loves gossip",
    "Nurturing",
    "Observant",
    "Sociable",
    "Patient with difficult animals",
    "Protective of their flock",
    "Attentive to subtle changes",
    "Rhythmic in movements and speech",
    "Contemplative during repetitive tasks",
    "Intuitive about animal needs",
    "Appreciative of natural beauty",
    "Steady in the face of challenges",
    "Thoughtful about seasonal changes",
    "Careful with resources",
    "Harmonious with nature's cycles",
    "Persistent through setbacks",
    "Quietly proud of their craft"
  ],
  "Backstories": [
    "Raised prize-winning sheep with the softest wool",
    "Knows ancient weaving patterns thought to be magical",
    "Can make wool of any color using secret natural dyes",
    "Secretly shears iron golems when no one is looking",
    "Saved their entire flock during a terrible blizzard",
    "Can communicate with sheep through special whistles",
    "Inherited a flock with a rare wool type not seen elsewhere",
    "Discovered a lost breed of sheep with extraordinary wool",
    "Learned textile arts from a mysterious wanderer",
    "Created a tapestry so beautiful it made a noble weep",
    "Survived alone in the wilderness with only their sheep for company",
    "Developed a unique shearing technique that doesn't stress the animals",
    "Rescued an orphaned lamb that grew to be the flock's leader",
    "Traveled to distant lands to learn different weaving traditions",
    "Bred sheep for a specific trait over many generations",
    "Created a dye from a flower thought to be decorative only",
    "Maintains bloodlines of sheep dating back centuries",
    "Once used wool to bandage an entire village after a disaster"
  ],
  "Goals": [
    "To breed a sheep with rainbow wool",
    "To weave a tapestry telling the village's history",
    "To create clothing fit for royalty",
    "To have the largest flock in the region",
    "To discover a new natural dye source",
    "To breed sheep that can survive in any climate",
    "To create a textile so fine it feels like water",
    "To establish a guild for shepherds and weavers",
    "To rediscover a lost weaving technique from ancient times",
    "To create a pattern that brings good fortune to the wearer",
    "To develop a wool that keeps warm in winter and cool in summer",
    "To breed sheep resistant to all known diseases",
    "To create a map of the region woven entirely from local wools",
    "To pass down their flock's genetic legacy to worthy apprentices",
    "To weave a textile that changes color with the wearer's mood"
  ],
  "Fears": [
    "Wolves",
    "Disease affecting their sheep",
    "Running out of grazing land",
    "Their colors fading",
    "Being unable to protect their flock",
    "Harsh winters killing lambs",
    "Losing their special breeding lines",
    "Their weaving patterns being stolen",
    "Drought affecting the plants needed for dyes",
    "Their hands becoming too arthritic to weave",
    "The younger generation abandoning traditional methods",
    "Their sheep being stolen or slaughtered",
    "Natural disasters destroying grazing lands",
    "Being forced to move their flock to unfamiliar territory",
    "Losing the trust of their animals",
    "Their wool being undervalued in the market",
    "Climate changes affecting wool quality",
    "Predators developing new hunting strategies"
  ],
  "Quirks": [
    "Names every sheep in their flock",
    "Wears only clothes they've made themselves",
    "Can identify sheep by their bleats alone",
    "Collects wool from unusual sources",
    "Hums specific tunes while shearing different sheep",
    "Keeps a lock of wool from every lamb born to their flock",
    "Talks to their sheep as if having a conversation",
    "Wears bells that sound like their lead sheep",
    "Can predict weather changes by how sheep behave",
    "Refuses to work with wool during certain moon phases",
    "Creates small wool figures that resemble people in the village",
    "Has a special walking staff made from wood their sheep like to rub against",
    "Decorates their home with different seasonal wools",
    "Carries a pouch of their favorite sheep's wool for luck",
    "Mimics sheep sounds with surprising accuracy",
    "Sleeps better surrounded by fresh wool",
    "Categorizes people by what kind of wool would suit them best",
    "Leaves small woven tokens as thanks or warnings"
  ],
  "SpeechPatterns": [
    "Speaks with a gentle rhythm like the motion of weaving",
    "Uses sheep and wool metaphors for everyday situations",
    "Describes colors with extraordinary precision and detail",
    "Pauses in conversation like taking breaks while shearing",
    "Speaks soothingly as if always calming nervous animals",
    "Tends to repeat important points like pattern repetitions",
    "Uses terms from textile work in inappropriate contexts",
    "Speaks more animatedly when discussing their flock",
    "Mimics sheep sounds to emphasize certain emotions",
    "Describes people in terms of wool types and textures",
    "Speaks with different cadences depending on the season",
    "Tends to trail off when discussing complex patterns",
    "Uses old shepherding sayings that others find obscure",
    "Frequently mentions the weather and its effects"
  ],
  "PhysicalTraits": [
    "Fingers permanently stained from natural dyes",
    "Callused hands from years of shearing and weaving",
    "Carries the scent of lanolin and sheep",
    "Moves with the steady pace of someone used to guiding animals",
    "Wears layers of their own textiles in various stages of completion",
    "Hair often contains small bits of wool or straw",
    "Skin weathered from years outdoors with the flock",
    "Eyes that constantly scan surroundings like watching for predators",
    "Posture shaped by carrying lambs and wool bundles",
    "Distinctive walking gait from traversing uneven pastures",
    "Voice that carries across fields to distant sheep",
    "Hands that move constantly, as if spinning invisible thread",
    "Wears colors that complement rather than match, showing dye expertise",
    "Face lined in patterns similar to their favorite weaving designs"
  ],
  "Relationships": [
    "Treats their sheep better than most people",
    "Forms strong bonds with those who appreciate textile arts",
    "Protective of apprentices like newborn lambs",
    "Competitive but respectful toward other shepherds",
    "Judges others by how they treat animals",
    "Uncomfortable in large crowds, preferring small groups like their flock",
    "Develops deep connections with regular wool buyers",
    "Forms partnerships with dye-makers and spinners",
    "Treats children with special gentleness",
    "Distrusts those who wear synthetic fabrics",
    "Remembers everyone by what textiles they purchased or wore",
    "Maintains a network of shepherds who share breeding stock",
    "Speaks differently to fellow animal tenders than to others",
    "Secretly categorizes people as 'sheep,' 'shepherds,' or 'wolves'"
  ],
  "Values": [
    "The welfare of their animals above all",
    "Sustainable practices that preserve grazing lands",
    "The integrity of natural fibers and dyes",
    "Patience in nurturing both animals and crafts",
    "The wisdom found in traditional methods",
    "The beauty in natural variations and imperfections",
    "The cycle of seasons and growth",
    "Proper care of tools and materials",
    "The connection between land, animal, and textile",
    "The honor of creating something that provides warmth and comfort",
    "Fair exchange for quality materials",
    "Knowledge passed from shepherd to apprentice",
    "The responsibility of being a caretaker",
    "The dignity of working in harmony with nature"
  ],
  "Hobbies": [
    "Experimenting with unusual dye sources",
    "Collecting wool samples from different regions",
    "Creating intricate knotwork that tells stories",
    "Breeding flowers specifically for dye production",
    "Carving specialized tools for textile work",
    "Studying the stars to predict lambing seasons",
    "Composing songs about their favorite sheep",
    "Trading pattern designs with distant shepherds",
    "Creating textile art purely for beauty rather than function",
    "Researching ancient breeding records",
    "Developing new herding techniques with their dogs",
    "Mapping the best seasonal grazing routes",
    "Preserving and cataloging wool from special animals",
    "Studying weather patterns to protect their flock"
  ],
  "CulturalBackground": [
    "From highland regions where sheep are the primary livelihood",
    "Raised in a culture that believes certain patterns bring protection",
    "From a nomadic tradition that follows seasonal grazing routes",
    "Comes from a lineage of royal shepherds with special breeding rights",
    "Raised in a community where textile creation is considered sacred",
    "From a tradition where specific wool patterns identify family groups",
    "Comes from a culture where shepherds are considered wisdom-keepers",
    "Raised in a region famous for a distinctive textile style",
    "From a culture where coming-of-age involves tending sheep alone",
    "Comes from a tradition where shepherds are also storytellers",
    "Raised in a community that survived through superior wool production",
    "From a culture where certain sheep are considered sacred or magical",
    "Comes from a region where textile patterns record historical events",
    "Raised in a tradition where shepherds are matchmakers for the community"
  ],
  "AgeGroup": [
    "Young shepherd still learning to judge wool quality",
    "New flock owner establishing their breeding program",
    "Mid-career master with signature textile patterns",
    "Elder whose experience guides the community's flocks",
    "Recently completed apprenticeship with innovative ideas",
    "Experienced shepherd training the next generation",
    "Aging expert focusing on preserving rare breeding lines",
    "Child of shepherds already showing talent with animals",
    "Grandmaster whose textile designs have influenced a generation",
    "Late-career shepherd preparing to pass on their special flock"
  ],
  "LifeEvents": [
    "Survived a predator attack that changed their approach to protection",
    "Created a textile that became famous beyond their region",
    "Lost part of their flock to disease, driving a quest for better care",
    "Discovered a natural dye source thought to be extinct",
    "Sheep were used in an important ceremony or historical event",
    "Traveled to distant mountains to find new breeding stock",
    "Saved the village during harsh winter with their wool stores",
    "Inherited a special sheep with unusual abilities or traits",
    "Won a seemingly impossible competition against master weavers",
    "Flock survived a disaster that destroyed other herds",
    "Created a new breed of sheep that others now try to acquire",
    "Discovered an ancient textile fragment that revealed lost techniques",
    "Introduced a foreign sheep breed that changed local practices",
    "Developed a method to protect sheep from a previously deadly threat"
  ],
  "EmotionalState": [
    "Joyful during lambing season",
    "Concerned about upcoming weather changes",
    "Excited about a new pattern or technique",
    "Frustrated by those who don't understand quality wool",
    "Proud of this year's healthy lambs",
    "Worried about predators seen near grazing lands",
    "Content when surrounded by the sounds of their flock",
    "Anxious about an upcoming shearing day",
    "Peaceful when working with wool by the fire",
    "Melancholic about changing landscapes affecting grazing",
    "Determined to perfect a challenging weaving technique",
    "Hopeful about new crossbreeding experiments",
    "Irritable during wool shortage or poor quality",
    "Satisfied after a successful market day"
  ]
}