{
  "Archetypes": [
    "Inventor",
    "Tinkerer",
    "Miner",
    "Gadgeteer",
    "Problem Solver",
    "Efficiency Expert",
    "Material Specialist",
    "Durability Engineer",
    "Ergonomics Designer",
    "Precision Crafter",
    "Utility Innovator",
    "Mechanical Genius",
    "Resource Optimizer",
    "Function Maximizer",
    "Tool Balancer",
    "Practical Visionary",
    "Implement Perfectionist"
  ],
  "Personalities": [
    "Inventive",
    "Practical",
    "Sturdy",
    "Always covered in soot",
    "Analytical",
    "Resourceful",
    "Curious",
    "Methodical in approach",
    "Obsessive about efficiency",
    "Constantly evaluating improvements",
    "Straightforward in communication",
    "Impatient with impractical ideas",
    "Excited by new materials",
    "Thoughtful about user experience",
    "Persistent through failures",
    "Precise in measurements",
    "Adaptable to different needs",
    "Skeptical until proven",
    "Enthusiastic about solving problems",
    "Quietly confident in their skills"
  ],
  "Backstories": [
    "Developed new tools that revolutionized farming",
    "Grandfather was a legendary miner who found diamonds",
    "Searching for the ultimate material to make the perfect pickaxe",
    "Can fix anything that's broken (usually)",
    "Once built a machine that could harvest crops automatically",
    "Survived a cave-in by building a tool from scraps",
    "Apprenticed under a master who served royalty",
    "Discovered a unique alloy through an accidental forge mishap",
    "Traveled with miners to understand their needs firsthand",
    "Rescued from poverty by a toolsmith who recognized their talent",
    "Formerly created decorative items until realizing the value of utility",
    "Studied ancient tool designs from ruins and old texts",
    "Developed techniques by observing animals using natural tools",
    "Created a tool that saved lives during a natural disaster",
    "Inherited a workshop with mysterious properties that enhance their work",
    "Designed tools for a hero who later became famous",
    "Learned their craft after their own survival depended on improvised tools",
    "Once made a tool so perfect they've spent years trying to replicate it"
  ],
  "Goals": [
    "To invent a tool that works by itself",
    "To discover a metal stronger than netherite",
    "To build something that will change the world",
    "To solve the village's biggest problems",
    "To create tools that adapt to their user's needs",
    "To develop a universal tool that serves multiple functions",
    "To establish a guild that maintains quality standards",
    "To rediscover lost tool-making techniques from ancient civilizations",
    "To create tools that can withstand any environment",
    "To build a reputation that draws customers from distant lands",
    "To craft a masterpiece that will be remembered for generations",
    "To develop tools that compensate for physical limitations",
    "To perfect a method for creating perfectly balanced tools every time",
    "To create specialized tools for every possible situation",
    "To pass down secret techniques only to those truly worthy"
  ],
  "Fears": [
    "Their creations being used for harm",
    "Running out of materials",
    "Their hands being injured",
    "Being replaced by magic",
    "Their ideas failing",
    "Creating a tool with an unforeseen flaw that causes disaster",
    "Losing their creativity and innovation",
    "Younger toolsmiths surpassing their skills",
    "Running out of problems to solve",
    "Arthritis or injury preventing precise work",
    "Their techniques being stolen or copied",
    "Being forced to rush their work",
    "Losing their eyesight for detail work",
    "Their reputation being tarnished by counterfeit work",
    "Modern methods making traditional skills obsolete",
    "Their tools breaking when most needed",
    "Being unable to pass down their knowledge",
    "Their innovations being misunderstood or rejected"
  ],
  "Quirks": [
    "Tests tools on themselves first",
    "Keeps pockets full of random parts",
    "Sketches designs on any available surface",
    "Talks to their tools while working",
    "Names each significant tool they create",
    "Carries a 'lucky' hammer or tool at all times",
    "Measures everything they encounter",
    "Constantly fidgets with mechanical objects",
    "Has a specific organization system that seems chaotic to others",
    "Collects broken tools to study their failure points",
    "Can identify any metal by its sound when struck",
    "Performs a small ritual before starting each new project",
    "Categorizes people by what tools would suit them best",
    "Keeps a journal of every design idea, successful or not",
    "Tests each tool against increasingly difficult challenges",
    "Refuses to work during certain weather conditions",
    "Has a different approach for each type of material",
    "Insists customers demonstrate how they'll use the tool"
  ],
  "SpeechPatterns": [
    "Speaks in terms of mechanical processes and functions",
    "Uses tool and crafting metaphors for everyday situations",
    "Describes people in terms of materials and properties",
    "Pauses to mentally measure or evaluate while speaking",
    "Speaks directly and efficiently, like a well-designed tool",
    "Emphasizes important points with gestures mimicking tool use",
    "Tends to talk about 'leverage' and 'mechanical advantage' in conversation",
    "Speaks more animatedly when discussing innovations",
    "Uses technical terms even in casual conversation",
    "Describes emotions in terms of tension and release",
    "Tends to give instructions in numbered steps",
    "Speaks more precisely when discussing measurements",
    "Uses old smithing and mining sayings that others find obscure",
    "Frequently mentions durability and functionality"
  ],
  "PhysicalTraits": [
    "Callused hands from years of handling tools",
    "Forearms developed from repeated hammering and lifting",
    "Small burn marks or scars from forge work",
    "Stands with the balanced posture of someone used to precision work",
    "Fingers permanently stained with metal or oil",
    "Eyes that constantly assess and measure objects",
    "Moves with deliberate efficiency, wasting no motion",
    "Carries the scent of metal and oil",
    "Hair often contains metal filings or wood shavings",
    "Squints slightly from focusing on detailed work",
    "Hands that are surprisingly gentle despite their strength",
    "Distinctive walking gait from carrying heavy materials",
    "Wears clothes with numerous specialized pockets",
    "Face lined with patterns that show concentration"
  ],
  "Relationships": [
    "Judges others by how they treat their tools",
    "Forms strong bonds with those who appreciate craftsmanship",
    "Treats apprentices with firm guidance but growing trust",
    "Competitive but respectful toward other toolsmiths",
    "Protective of those who use their tools properly",
    "Dismissive of those who misuse or neglect equipment",
    "Respects miners and farmers who understand quality tools",
    "Forms partnerships with material suppliers",
    "Treats regular customers like extended family",
    "Uncomfortable around those who waste resources",
    "Develops deep loyalty to those who've supported their innovations",
    "Maintains professional distance until practical knowledge is proven",
    "Remembers everyone by what tools they purchased or needed",
    "Secretly tests new acquaintances with small mechanical puzzles"
  ],
  "Values": [
    "Functionality above all else",
    "The perfect balance between form and function",
    "Efficiency in design and execution",
    "Honesty in materials and craftsmanship",
    "The integrity of well-made tools",
    "Innovation balanced with proven techniques",
    "Respect for the materials being worked",
    "The honor of creating tools that enable others' work",
    "Fair payment for quality craftsmanship",
    "Knowledge passed from master to apprentice",
    "The responsibility of creating reliable equipment",
    "Sustainability in resource use",
    "The beauty found in perfect utility",
    "The dignity of solving practical problems"
  ],
  "Hobbies": [
    "Creating miniature working models",
    "Collecting unusual materials to experiment with",
    "Studying the mechanics of nature for inspiration",
    "Inventing games with mechanical components",
    "Repairing abandoned or broken objects",
    "Designing improvements for everyday items",
    "Creating puzzles that require mechanical solutions",
    "Exploring mines and caves for new materials",
    "Participating in tool-making competitions",
    "Studying ancient tools in historical sites",
    "Creating art using tool-making techniques",
    "Developing new alloys through experimentation",
    "Teaching basic tool use to village children",
    "Mapping resource locations in the surrounding area"
  ],
  "CulturalBackground": [
    "From mining regions where tool quality determines survival",
    "Raised in a culture that believes certain metals have special properties",
    "From a tradition that specializes in tools for specific environments",
    "Comes from a lineage of royal toolsmiths with secret techniques",
    "Raised in a community where tool-making is considered sacred",
    "From a tradition where tools are blessed before use",
    "Comes from a culture where specific tools mark life milestones",
    "Raised in a region famous for a distinctive tool style",
    "From a culture where coming-of-age involves crafting your own tools",
    "Comes from a tradition where toolsmiths are also healers",
    "Raised in a community that survived through superior tools",
    "From a culture where certain materials are considered lucky or unlucky",
    "Comes from a region where tool designs reflect natural elements",
    "Raised in a tradition where toolsmiths are advisors to leaders"
  ],
  "AgeGroup": [
    "Young toolsmith still learning to judge material quality",
    "New shop owner establishing their reputation for innovation",
    "Mid-career master with signature tool designs",
    "Elder whose experience compensates for diminishing strength",
    "Recently completed apprenticeship with fresh ideas",
    "Experienced professional training the next generation",
    "Aging expert focusing on the most challenging commissions",
    "Child of toolsmiths already showing talent beyond their years",
    "Grandmaster whose designs have influenced a generation",
    "Late-career innovator working on their legacy invention"
  ],
  "LifeEvents": [
    "Survived a workshop accident that changed their approach to safety",
    "Created a tool that became famous beyond their region",
    "Lost a friend due to a tool failure, driving a quest for perfection",
    "Discovered a unique material that made their reputation",
    "Tool was used in an important historical event",
    "Traveled to distant lands to learn different crafting methods",
    "Saved lives during a disaster with an improvised tool",
    "Inherited tools from a legendary smith with supposedly magical properties",
    "Won a seemingly impossible crafting challenge",
    "Tool withstood conditions that destroyed all others",
    "Created a new type of tool that others now try to replicate",
    "Uncovered an ancient forge that revealed lost techniques",
    "Introduced a foreign tool design that changed local practices",
    "Developed a method to make tools resistant to unusual conditions"
  ],
  "EmotionalState": [
    "Satisfied after completing a particularly challenging design",
    "Concerned about declining quality of available materials",
    "Excited about a new technique recently mastered",
    "Frustrated by those who don't maintain their tools",
    "Proud of apprentices who are developing good technique",
    "Worried about competition from mass-produced items",
    "Content when surrounded by the familiar sounds of the workshop",
    "Anxious about an important commission for a notable client",
    "Joyful when seeing their tools being well-used",
    "Melancholic about changing crafting styles and techniques",
    "Determined to solve a persistent design problem",
    "Peaceful during the meditative process of detailed work",
    "Irritable when supplies don't meet their standards",
    "Hopeful about passing knowledge to the next generation"
  ]
}