{
  "Archetypes": [
    "Warrior",
    "Strategist",
    "Collector",
    "Blade Master",
    "Combat Specialist",
    "Balance Expert",
    "Edge Technician",
    "Weapon Historian",
    "Alloy Innovator",
    "Combat Analyst",
    "Durability Engineer",
    "Damage Maximizer",
    "Defensive Designer",
    "Reach Specialist",
    "Weight Optimizer",
    "Battle Tactician",
    "Weapon Artisan"
  ],
  "Personalities": [
    "Bold",
    "Tactical",
    "Experienced",
    "Has many scars",
    "Intimidating",
    "Precise",
    "Disciplined",
    "Honorable in dealings",
    "Cautious with dangerous knowledge",
    "Respectful of weapon traditions",
    "Intense when discussing combat",
    "Calm under pressure",
    "Thoughtful about consequences",
    "Proud of craftsmanship",
    "Protective of fighting techniques",
    "Meticulous about details",
    "Direct in communication",
    "Contemplative about conflict",
    "Resolute in principles",
    "Vigilant about surroundings"
  ],
  "Backstories": [
    "Fought in many battles before settling down to forge weapons",
    "Collects rare weapons from across the lands",
    "Forged a sword for the village hero that slew a great beast",
    "Knows the weak points of every mob and how to exploit them",
    "Trained with warriors from distant lands to understand their weapons",
    "Lost someone dear in battle, now forges to protect others",
    "Discovered a unique metal alloy through battlefield experience",
    "Survived a legendary battle where their weapon never failed",
    "Apprenticed under a master who served royalty",
    "Studied ancient weapon scrolls from forgotten civilizations",
    "Developed techniques by observing predators hunt their prey",
    "Created a weapon that turned the tide of a desperate conflict",
    "Inherited a forge with mysterious properties that enhance weapons",
    "Designed weapons for a hero who later became famous",
    "Learned their craft after their own survival depended on a well-made weapon",
    "Once made a blade so perfect they've spent years trying to replicate it",
    "Traveled with mercenaries to understand battlefield needs firsthand",
    "Rescued from captivity by warriors who later taught them their craft"
  ],
  "Goals": [
    "To create a weapon of legend",
    "To arm heroes who will make history",
    "To develop a new fighting style",
    "To ensure their village is always protected",
    "To forge a weapon that can defeat any enemy",
    "To discover a metal stronger than any known material",
    "To establish a school that preserves combat traditions",
    "To rediscover lost weapon-making techniques from ancient civilizations",
    "To create weapons that adapt to their wielder's style",
    "To build a reputation that draws warriors from distant lands",
    "To craft a masterpiece that will be remembered for generations",
    "To develop weapons that compensate for physical limitations",
    "To perfect a method for creating perfectly balanced weapons every time",
    "To create specialized weapons for every possible combat situation",
    "To pass down secret techniques only to those truly worthy"
  ],
  "Fears": [
    "Their weapons being used unjustly",
    "Peace making their skills obsolete",
    "Creating something too dangerous",
    "Being defeated in combat",
    "War returning",
    "Creating a weapon with an unforeseen flaw that fails its wielder",
    "Losing their combat edge and reflexes",
    "Younger weaponsmiths surpassing their skills",
    "Their techniques being used for dishonorable purposes",
    "Arthritis or injury preventing precise work",
    "Their methods being stolen by rivals",
    "Being forced to create weapons for tyrants",
    "Losing their eyesight for detail work",
    "Their reputation being tarnished by inferior copies",
    "Modern methods making traditional skills obsolete",
    "Their weapons being used against those they care about",
    "Being unable to pass down their knowledge",
    "Their innovations falling into the wrong hands"
  ],
  "Quirks": [
    "Tests each weapon's balance with eyes closed",
    "Demonstrates fighting stances while talking",
    "Bears a distinctive scar from each weapon they've mastered",
    "Never goes anywhere unarmed",
    "Names each significant weapon they create",
    "Carries a piece of their first successful weapon always",
    "Performs combat drills at specific times daily",
    "Constantly assesses surroundings for tactical advantage",
    "Has a specific ritual before starting each new weapon",
    "Collects trophies from legendary beasts or battles",
    "Can identify any metal by taste",
    "Speaks to weapons as if they have spirits",
    "Categorizes people by what weapons would suit them best",
    "Keeps a journal of every design and its performance in battle",
    "Tests each weapon against increasingly difficult materials",
    "Refuses to forge during certain moon phases",
    "Has different techniques for different types of weapons",
    "Insists customers demonstrate their fighting style before crafting"
  ],
  "SpeechPatterns": [
    "Speaks in terms of combat strategy and weapon functionality",
    "Uses battle and weapon metaphors for everyday situations",
    "Describes people in terms of fighting styles and weapon preferences",
    "Pauses to assess threats while speaking",
    "Speaks with the rhythm of hammer strikes on an anvil",
    "Emphasizes important points with gestures mimicking weapon use",
    "Tends to talk about 'balance' and 'edge' in conversation",
    "Speaks more animatedly when discussing legendary weapons",
    "Uses combat terminology even in casual conversation",
    "Describes emotions in terms of battle intensity",
    "Tends to give instructions like combat orders",
    "Speaks more precisely when discussing weapon specifications",
    "Uses old warrior sayings that others find obscure",
    "Frequently mentions honor and duty"
  ],
  "PhysicalTraits": [
    "Muscular arms and shoulders from forge work",
    "Burn scars from years of working with hot metal",
    "Stands with the balanced posture of a fighter",
    "Hands calloused from both weapons training and smithing",
    "Eyes that constantly assess potential threats",
    "Moves with controlled, efficient motions",
    "Carries the scent of metal and fire",
    "Battle scars visible on exposed skin",
    "Hair often tied back practically for safety",
    "Distinctive walking gait from carrying weapons",
    "Reflexively reaches for weapons when startled",
    "Face weathered from forge heat and outdoor training",
    "Wears practical clothes with hidden weapon sheaths",
    "Maintains physical fitness through daily training"
  ],
  "Relationships": [
    "Judges others by their combat readiness and honor",
    "Forms strong bonds with those who respect weapons properly",
    "Treats apprentices with strict discipline but growing respect",
    "Competitive but honorable toward other weaponsmiths",
    "Protective of those who wield their creations",
    "Dismissive of those who misuse or neglect weapons",
    "Respects warriors who understand proper weapon care",
    "Forms partnerships with armor crafters",
    "Treats regular customers like battle companions",
    "Uncomfortable around those who fear weapons",
    "Develops deep loyalty to those who've proven themselves in combat",
    "Maintains professional distance until combat skill is proven",
    "Remembers everyone by their fighting style or weapon preference",
    "Secretly tests new acquaintances with subtle combat challenges"
  ],
  "Values": [
    "Honor above all else",
    "The perfect balance between power and control",
    "Discipline in craft and combat",
    "Honesty in materials and intentions",
    "The integrity of well-made weapons",
    "Tradition balanced with innovation",
    "Respect for the materials and the craft",
    "The responsibility of creating tools of war",
    "Fair combat and worthy opponents",
    "Knowledge passed from master to apprentice",
    "The duty to protect those who cannot fight",
    "Sustainability in resource use",
    "The beauty found in perfect function",
    "The dignity of facing challenges directly"
  ],
  "Hobbies": [
    "Practicing combat forms at dawn",
    "Collecting historical weapons and studying their design",
    "Studying the fighting techniques of different cultures",
    "Hunting dangerous creatures to test weapons",
    "Sparring with local warriors to understand weapon needs",
    "Developing new alloys through experimentation",
    "Creating miniature weapon models",
    "Mapping battlefields of historical significance",
    "Participating in combat tournaments",
    "Studying ancient battle scrolls and texts",
    "Creating art depicting famous battles",
    "Teaching defensive techniques to villagers",
    "Tracking and studying predator hunting techniques",
    "Meditating on the philosophy of combat"
  ],
  "CulturalBackground": [
    "From warrior cultures where weapon quality determines survival",
    "Raised in a tradition that believes certain weapons have spirits",
    "From a culture that specializes in weapons for specific environments",
    "Comes from a lineage of royal weaponsmiths with secret techniques",
    "Raised in a community where weapon-making is considered sacred",
    "From a tradition where weapons are blessed before battle",
    "Comes from a culture where specific weapons mark life milestones",
    "Raised in a region famous for a distinctive fighting style",
    "From a culture where coming-of-age involves crafting your first weapon",
    "Comes from a tradition where weaponsmiths are also healers",
    "Raised in a community that survived through superior weapons",
    "From a culture where certain metals are considered to have special properties",
    "Comes from a region where weapon designs reflect animal forms",
    "Raised in a tradition where weaponsmiths are advisors to war leaders"
  ],
  "AgeGroup": [
    "Young weaponsmith still learning to judge metal quality",
    "New forge owner establishing their reputation for quality",
    "Mid-career master with signature weapon designs",
    "Elder whose experience compensates for diminishing strength",
    "Recently completed apprenticeship with innovative ideas",
    "Experienced professional training the next generation",
    "Aging expert focusing on the most challenging commissions",
    "Child of weaponsmiths already showing talent beyond their years",
    "Grandmaster whose designs have influenced a generation",
    "Late-career smith working on their legacy weapon"
  ],
  "LifeEvents": [
    "Survived a battle that changed their approach to weapon design",
    "Created a weapon that became famous in legend",
    "Lost a friend due to a weapon failure, driving a quest for perfection",
    "Discovered a unique material that made their reputation",
    "Weapon was used in a pivotal historical battle",
    "Traveled to distant lands to learn different fighting styles",
    "Saved a village during a monster attack with improvised weapons",
    "Inherited tools from a legendary smith with supposedly magical properties",
    "Won a seemingly impossible weapon-crafting challenge",
    "Weapon withstood conditions that destroyed all others",
    "Created a new type of weapon that others now try to replicate",
    "Uncovered an ancient forge that revealed lost techniques",
    "Introduced a foreign weapon design that changed local combat",
    "Developed a method to make weapons effective against unusual enemies"
  ],
  "EmotionalState": [
    "Satisfied after completing a particularly challenging weapon",
    "Concerned about rumors of conflict in nearby regions",
    "Excited about a new technique recently mastered",
    "Frustrated by those who don't maintain their weapons",
    "Proud of apprentices who are developing good technique",
    "Worried about weapons falling into dishonorable hands",
    "Content when surrounded by the familiar sounds of the forge",
    "Anxious about an important commission for a notable warrior",
    "Joyful when seeing their weapons used skillfully",
    "Melancholic about changing combat styles and techniques",
    "Determined to solve a persistent design problem",
    "Peaceful during the meditative process of weapon-making",
    "Irritable when materials don't meet their standards",
    "Hopeful about passing knowledge to worthy successors"
  ]
}